Id,Name,Month,Country,Confirmed,Deaths,Recovered,New cases,New deaths,New recovered
1,COVID-19,2020-01-01,Afghanistan,0,0,0,0,0,0
2,COVID-19,2020-01-01,Albania,0,0,0,0,0,0
3,COVID-19,2020-01-01,Algeria,0,0,0,0,0,0
4,COVID-19,2020-01-01,Andorra,0,0,0,0,0,0
5,COVID-19,2020-01-01,Angola,0,0,0,0,0,0
6,COVID-19,2020-01-01,Antigua and Barbuda,0,0,0,0,0,0
7,COVID-19,2020-01-01,Argentina,0,0,0,0,0,0
8,COVID-19,2020-01-01,Armenia,0,0,0,0,0,0
9,COVID-19,2020-01-01,Australia,9,0,2,9,0,2
10,COVID-19,2020-01-01,Austria,0,0,0,0,0,0
11,COVID-19,2020-01-01,Azerbaijan,0,0,0,0,0,0
12,COVID-19,2020-01-01,Bahamas,0,0,0,0,0,0
13,COVID-19,2020-01-01,Bahrain,0,0,0,0,0,0
14,COVID-19,2020-01-01,Bangladesh,0,0,0,0,0,0
15,COVID-19,2020-01-01,Barbados,0,0,0,0,0,0
16,COVID-19,2020-01-01,Belarus,0,0,0,0,0,0
17,COVID-19,2020-01-01,Belgium,0,0,0,0,0,0
18,COVID-19,2020-01-01,Belize,0,0,0,0,0,0
19,COVID-19,2020-01-01,Benin,0,0,0,0,0,0
20,COVID-19,2020-01-01,Bhutan,0,0,0,0,0,0
21,COVID-19,2020-01-01,Bolivia,0,0,0,0,0,0
22,COVID-19,2020-01-01,Bosnia and Herzegovina,0,0,0,0,0,0
23,COVID-19,2020-01-01,Botswana,0,0,0,0,0,0
24,COVID-19,2020-01-01,Brazil,0,0,0,0,0,0
25,COVID-19,2020-01-01,Brunei,0,0,0,0,0,0
26,COVID-19,2020-01-01,Bulgaria,0,0,0,0,0,0
27,COVID-19,2020-01-01,Burkina Faso,0,0,0,0,0,0
28,COVID-19,2020-01-01,Burma,0,0,0,0,0,0
29,COVID-19,2020-01-01,Burundi,0,0,0,0,0,0
30,COVID-19,2020-01-01,Cabo Verde,0,0,0,0,0,0
31,COVID-19,2020-01-01,Cambodia,1,0,0,1,0,0
32,COVID-19,2020-01-01,Cameroon,0,0,0,0,0,0
33,COVID-19,2020-01-01,Canada,4,0,0,4,0,0
34,COVID-19,2020-01-01,Central African Republic,0,0,0,0,0,0
35,COVID-19,2020-01-01,Chad,0,0,0,0,0,0
36,COVID-19,2020-01-01,Chile,0,0,0,0,0,0
37,COVID-19,2020-01-01,China,9802,213,211,9254,196,183
38,COVID-19,2020-01-01,Colombia,0,0,0,0,0,0
39,COVID-19,2020-01-01,Comoros,0,0,0,0,0,0
40,COVID-19,2020-01-01,Congo (Brazzaville),0,0,0,0,0,0
41,COVID-19,2020-01-01,Congo (Kinshasa),0,0,0,0,0,0
42,COVID-19,2020-01-01,Costa Rica,0,0,0,0,0,0
43,COVID-19,2020-01-01,Cote d'Ivoire,0,0,0,0,0,0
44,COVID-19,2020-01-01,Croatia,0,0,0,0,0,0
45,COVID-19,2020-01-01,Cuba,0,0,0,0,0,0
46,COVID-19,2020-01-01,Cyprus,0,0,0,0,0,0
47,COVID-19,2020-01-01,Czechia,0,0,0,0,0,0
48,COVID-19,2020-01-01,Denmark,0,0,0,0,0,0
49,COVID-19,2020-01-01,Djibouti,0,0,0,0,0,0
50,COVID-19,2020-01-01,Dominica,0,0,0,0,0,0
51,COVID-19,2020-01-01,Dominican Republic,0,0,0,0,0,0
52,COVID-19,2020-01-01,Ecuador,0,0,0,0,0,0
53,COVID-19,2020-01-01,Egypt,0,0,0,0,0,0
54,COVID-19,2020-01-01,El Salvador,0,0,0,0,0,0
55,COVID-19,2020-01-01,Equatorial Guinea,0,0,0,0,0,0
56,COVID-19,2020-01-01,Eritrea,0,0,0,0,0,0
57,COVID-19,2020-01-01,Estonia,0,0,0,0,0,0
58,COVID-19,2020-01-01,Eswatini,0,0,0,0,0,0
59,COVID-19,2020-01-01,Ethiopia,0,0,0,0,0,0
60,COVID-19,2020-01-01,Fiji,0,0,0,0,0,0
61,COVID-19,2020-01-01,Finland,1,0,0,1,0,0
62,COVID-19,2020-01-01,France,5,0,0,5,0,0
63,COVID-19,2020-01-01,Gabon,0,0,0,0,0,0
64,COVID-19,2020-01-01,Gambia,0,0,0,0,0,0
65,COVID-19,2020-01-01,Georgia,0,0,0,0,0,0
66,COVID-19,2020-01-01,Germany,5,0,0,5,0,0
67,COVID-19,2020-01-01,Ghana,0,0,0,0,0,0
68,COVID-19,2020-01-01,Greece,0,0,0,0,0,0
69,COVID-19,2020-01-01,Greenland,0,0,0,0,0,0
70,COVID-19,2020-01-01,Grenada,0,0,0,0,0,0
71,COVID-19,2020-01-01,Guatemala,0,0,0,0,0,0
72,COVID-19,2020-01-01,Guinea,0,0,0,0,0,0
73,COVID-19,2020-01-01,Guinea-Bissau,0,0,0,0,0,0
74,COVID-19,2020-01-01,Guyana,0,0,0,0,0,0
75,COVID-19,2020-01-01,Haiti,0,0,0,0,0,0
76,COVID-19,2020-01-01,Holy See,0,0,0,0,0,0
77,COVID-19,2020-01-01,Honduras,0,0,0,0,0,0
78,COVID-19,2020-01-01,Hungary,0,0,0,0,0,0
79,COVID-19,2020-01-01,Iceland,0,0,0,0,0,0
80,COVID-19,2020-01-01,India,1,0,0,1,0,0
81,COVID-19,2020-01-01,Indonesia,0,0,0,0,0,0
82,COVID-19,2020-01-01,Iran,0,0,0,0,0,0
83,COVID-19,2020-01-01,Iraq,0,0,0,0,0,0
84,COVID-19,2020-01-01,Ireland,0,0,0,0,0,0
85,COVID-19,2020-01-01,Israel,0,0,0,0,0,0
86,COVID-19,2020-01-01,Italy,2,0,0,2,0,0
87,COVID-19,2020-01-01,Jamaica,0,0,0,0,0,0
88,COVID-19,2020-01-01,Japan,15,0,1,13,0,1
89,COVID-19,2020-01-01,Jordan,0,0,0,0,0,0
90,COVID-19,2020-01-01,Kazakhstan,0,0,0,0,0,0
91,COVID-19,2020-01-01,Kenya,0,0,0,0,0,0
92,COVID-19,2020-01-01,Kosovo,0,0,0,0,0,0
93,COVID-19,2020-01-01,Kuwait,0,0,0,0,0,0
94,COVID-19,2020-01-01,Kyrgyzstan,0,0,0,0,0,0
95,COVID-19,2020-01-01,Laos,0,0,0,0,0,0
96,COVID-19,2020-01-01,Latvia,0,0,0,0,0,0
97,COVID-19,2020-01-01,Lebanon,0,0,0,0,0,0
98,COVID-19,2020-01-01,Lesotho,0,0,0,0,0,0
99,COVID-19,2020-01-01,Liberia,0,0,0,0,0,0
100,COVID-19,2020-01-01,Libya,0,0,0,0,0,0
101,COVID-19,2020-01-01,Liechtenstein,0,0,0,0,0,0
102,COVID-19,2020-01-01,Lithuania,0,0,0,0,0,0
103,COVID-19,2020-01-01,Luxembourg,0,0,0,0,0,0
104,COVID-19,2020-01-01,Madagascar,0,0,0,0,0,0
105,COVID-19,2020-01-01,Malawi,0,0,0,0,0,0
106,COVID-19,2020-01-01,Malaysia,8,0,0,8,0,0
107,COVID-19,2020-01-01,Maldives,0,0,0,0,0,0
108,COVID-19,2020-01-01,Mali,0,0,0,0,0,0
109,COVID-19,2020-01-01,Malta,0,0,0,0,0,0
110,COVID-19,2020-01-01,Mauritania,0,0,0,0,0,0
111,COVID-19,2020-01-01,Mauritius,0,0,0,0,0,0
112,COVID-19,2020-01-01,Mexico,0,0,0,0,0,0
113,COVID-19,2020-01-01,Moldova,0,0,0,0,0,0
114,COVID-19,2020-01-01,Monaco,0,0,0,0,0,0
115,COVID-19,2020-01-01,Mongolia,0,0,0,0,0,0
116,COVID-19,2020-01-01,Montenegro,0,0,0,0,0,0
117,COVID-19,2020-01-01,Morocco,0,0,0,0,0,0
118,COVID-19,2020-01-01,Mozambique,0,0,0,0,0,0
119,COVID-19,2020-01-01,Namibia,0,0,0,0,0,0
120,COVID-19,2020-01-01,Nepal,1,0,0,1,0,0
121,COVID-19,2020-01-01,Netherlands,0,0,0,0,0,0
122,COVID-19,2020-01-01,New Zealand,0,0,0,0,0,0
123,COVID-19,2020-01-01,Nicaragua,0,0,0,0,0,0
124,COVID-19,2020-01-01,Niger,0,0,0,0,0,0
125,COVID-19,2020-01-01,Nigeria,0,0,0,0,0,0
126,COVID-19,2020-01-01,North Macedonia,0,0,0,0,0,0
127,COVID-19,2020-01-01,Norway,0,0,0,0,0,0
128,COVID-19,2020-01-01,Oman,0,0,0,0,0,0
129,COVID-19,2020-01-01,Pakistan,0,0,0,0,0,0
130,COVID-19,2020-01-01,Panama,0,0,0,0,0,0
131,COVID-19,2020-01-01,Papua New Guinea,0,0,0,0,0,0
132,COVID-19,2020-01-01,Paraguay,0,0,0,0,0,0
133,COVID-19,2020-01-01,Peru,0,0,0,0,0,0
134,COVID-19,2020-01-01,Philippines,1,0,0,1,0,0
135,COVID-19,2020-01-01,Poland,0,0,0,0,0,0
136,COVID-19,2020-01-01,Portugal,0,0,0,0,0,0
137,COVID-19,2020-01-01,Qatar,0,0,0,0,0,0
138,COVID-19,2020-01-01,Romania,0,0,0,0,0,0
139,COVID-19,2020-01-01,Russia,2,0,0,2,0,0
140,COVID-19,2020-01-01,Rwanda,0,0,0,0,0,0
141,COVID-19,2020-01-01,Saint Kitts and Nevis,0,0,0,0,0,0
142,COVID-19,2020-01-01,Saint Lucia,0,0,0,0,0,0
143,COVID-19,2020-01-01,Saint Vincent and the Grenadines,0,0,0,0,0,0
144,COVID-19,2020-01-01,San Marino,0,0,0,0,0,0
145,COVID-19,2020-01-01,Sao Tome and Principe,0,0,0,0,0,0
146,COVID-19,2020-01-01,Saudi Arabia,0,0,0,0,0,0
147,COVID-19,2020-01-01,Senegal,0,0,0,0,0,0
148,COVID-19,2020-01-01,Serbia,0,0,0,0,0,0
149,COVID-19,2020-01-01,Seychelles,0,0,0,0,0,0
150,COVID-19,2020-01-01,Sierra Leone,0,0,0,0,0,0
151,COVID-19,2020-01-01,Singapore,13,0,0,13,0,0
152,COVID-19,2020-01-01,Slovakia,0,0,0,0,0,0
153,COVID-19,2020-01-01,Slovenia,0,0,0,0,0,0
154,COVID-19,2020-01-01,Somalia,0,0,0,0,0,0
155,COVID-19,2020-01-01,South Africa,0,0,0,0,0,0
156,COVID-19,2020-01-01,South Korea,11,0,0,10,0,0
157,COVID-19,2020-01-01,South Sudan,0,0,0,0,0,0
158,COVID-19,2020-01-01,Spain,0,0,0,0,0,0
159,COVID-19,2020-01-01,Sri Lanka,1,0,0,1,0,0
160,COVID-19,2020-01-01,Sudan,0,0,0,0,0,0
161,COVID-19,2020-01-01,Suriname,0,0,0,0,0,0
162,COVID-19,2020-01-01,Sweden,1,0,0,1,0,0
163,COVID-19,2020-01-01,Switzerland,0,0,0,0,0,0
164,COVID-19,2020-01-01,Syria,0,0,0,0,0,0
165,COVID-19,2020-01-01,Taiwan*,10,0,0,9,0,0
166,COVID-19,2020-01-01,Tajikistan,0,0,0,0,0,0
167,COVID-19,2020-01-01,Tanzania,0,0,0,0,0,0
168,COVID-19,2020-01-01,Thailand,19,0,5,17,0,5
169,COVID-19,2020-01-01,Timor-Leste,0,0,0,0,0,0
170,COVID-19,2020-01-01,Togo,0,0,0,0,0,0
171,COVID-19,2020-01-01,Trinidad and Tobago,0,0,0,0,0,0
172,COVID-19,2020-01-01,Tunisia,0,0,0,0,0,0
173,COVID-19,2020-01-01,Turkey,0,0,0,0,0,0
174,COVID-19,2020-01-01,US,7,0,0,6,0,0
175,COVID-19,2020-01-01,Uganda,0,0,0,0,0,0
176,COVID-19,2020-01-01,Ukraine,0,0,0,0,0,0
177,COVID-19,2020-01-01,United Arab Emirates,4,0,0,4,0,0
178,COVID-19,2020-01-01,United Kingdom,2,0,0,2,0,0
179,COVID-19,2020-01-01,Uruguay,0,0,0,0,0,0
180,COVID-19,2020-01-01,Uzbekistan,0,0,0,0,0,0
181,COVID-19,2020-01-01,Venezuela,0,0,0,0,0,0
182,COVID-19,2020-01-01,Vietnam,2,0,0,2,0,0
183,COVID-19,2020-01-01,West Bank and Gaza,0,0,0,0,0,0
184,COVID-19,2020-01-01,Western Sahara,0,0,0,0,0,0
185,COVID-19,2020-01-01,Yemen,0,0,0,0,0,0
186,COVID-19,2020-01-01,Zambia,0,0,0,0,0,0
187,COVID-19,2020-01-01,Zimbabwe,0,0,0,0,0,0
188,COVID-19,2020-02-01,Afghanistan,1,0,0,1,0,0
189,COVID-19,2020-02-01,Albania,0,0,0,0,0,0
190,COVID-19,2020-02-01,Algeria,1,0,0,1,0,0
191,COVID-19,2020-02-01,Andorra,0,0,0,0,0,0
192,COVID-19,2020-02-01,Angola,0,0,0,0,0,0
193,COVID-19,2020-02-01,Antigua and Barbuda,0,0,0,0,0,0
194,COVID-19,2020-02-01,Argentina,0,0,0,0,0,0
195,COVID-19,2020-02-01,Armenia,0,0,0,0,0,0
196,COVID-19,2020-02-01,Australia,25,0,11,16,0,9
197,COVID-19,2020-02-01,Austria,9,0,0,9,0,0
198,COVID-19,2020-02-01,Azerbaijan,0,0,0,0,0,0
199,COVID-19,2020-02-01,Bahamas,0,0,0,0,0,0
200,COVID-19,2020-02-01,Bahrain,41,0,0,41,0,0
201,COVID-19,2020-02-01,Bangladesh,0,0,0,0,0,0
202,COVID-19,2020-02-01,Barbados,0,0,0,0,0,0
203,COVID-19,2020-02-01,Belarus,1,0,0,1,0,0
204,COVID-19,2020-02-01,Belgium,1,0,1,1,0,1
205,COVID-19,2020-02-01,Belize,0,0,0,0,0,0
206,COVID-19,2020-02-01,Benin,0,0,0,0,0,0
207,COVID-19,2020-02-01,Bhutan,0,0,0,0,0,0
208,COVID-19,2020-02-01,Bolivia,0,0,0,0,0,0
209,COVID-19,2020-02-01,Bosnia and Herzegovina,0,0,0,0,0,0
210,COVID-19,2020-02-01,Botswana,0,0,0,0,0,0
211,COVID-19,2020-02-01,Brazil,2,0,0,2,0,0
212,COVID-19,2020-02-01,Brunei,0,0,0,0,0,0
213,COVID-19,2020-02-01,Bulgaria,0,0,0,0,0,0
214,COVID-19,2020-02-01,Burkina Faso,0,0,0,0,0,0
215,COVID-19,2020-02-01,Burma,0,0,0,0,0,0
216,COVID-19,2020-02-01,Burundi,0,0,0,0,0,0
217,COVID-19,2020-02-01,Cabo Verde,0,0,0,0,0,0
218,COVID-19,2020-02-01,Cambodia,1,0,1,0,0,1
219,COVID-19,2020-02-01,Cameroon,0,0,0,0,0,0
220,COVID-19,2020-02-01,Canada,20,0,0,16,0,0
221,COVID-19,2020-02-01,Central African Republic,0,0,0,0,0,0
222,COVID-19,2020-02-01,Chad,0,0,0,0,0,0
223,COVID-19,2020-02-01,Chile,2,0,0,2,0,0
224,COVID-19,2020-02-01,China,79356,2837,37868,69554,2624,37657
225,COVID-19,2020-02-01,Colombia,0,0,0,0,0,0
226,COVID-19,2020-02-01,Comoros,0,0,0,0,0,0
227,COVID-19,2020-02-01,Congo (Brazzaville),0,0,0,0,0,0
228,COVID-19,2020-02-01,Congo (Kinshasa),0,0,0,0,0,0
229,COVID-19,2020-02-01,Costa Rica,0,0,0,0,0,0
230,COVID-19,2020-02-01,Cote d'Ivoire,0,0,0,0,0,0
231,COVID-19,2020-02-01,Croatia,6,0,0,6,0,0
232,COVID-19,2020-02-01,Cuba,0,0,0,0,0,0
233,COVID-19,2020-02-01,Cyprus,0,0,0,0,0,0
234,COVID-19,2020-02-01,Czechia,0,0,0,0,0,0
235,COVID-19,2020-02-01,Denmark,3,0,0,3,0,0
236,COVID-19,2020-02-01,Djibouti,0,0,0,0,0,0
237,COVID-19,2020-02-01,Dominica,0,0,0,0,0,0
238,COVID-19,2020-02-01,Dominican Republic,0,0,0,0,0,0
239,COVID-19,2020-02-01,Ecuador,0,0,0,0,0,0
240,COVID-19,2020-02-01,Egypt,1,0,1,1,0,1
241,COVID-19,2020-02-01,El Salvador,0,0,0,0,0,0
242,COVID-19,2020-02-01,Equatorial Guinea,0,0,0,0,0,0
243,COVID-19,2020-02-01,Eritrea,0,0,0,0,0,0
244,COVID-19,2020-02-01,Estonia,1,0,0,1,0,0
245,COVID-19,2020-02-01,Eswatini,0,0,0,0,0,0
246,COVID-19,2020-02-01,Ethiopia,0,0,0,0,0,0
247,COVID-19,2020-02-01,Fiji,0,0,0,0,0,0
248,COVID-19,2020-02-01,Finland,3,0,1,2,0,1
249,COVID-19,2020-02-01,France,100,2,12,95,2,12
250,COVID-19,2020-02-01,Gabon,0,0,0,0,0,0
251,COVID-19,2020-02-01,Gambia,0,0,0,0,0,0
252,COVID-19,2020-02-01,Georgia,1,0,0,1,0,0
253,COVID-19,2020-02-01,Germany,79,0,16,74,0,16
254,COVID-19,2020-02-01,Ghana,0,0,0,0,0,0
255,COVID-19,2020-02-01,Greece,4,0,0,4,0,0
256,COVID-19,2020-02-01,Greenland,0,0,0,0,0,0
257,COVID-19,2020-02-01,Grenada,0,0,0,0,0,0
258,COVID-19,2020-02-01,Guatemala,0,0,0,0,0,0
259,COVID-19,2020-02-01,Guinea,0,0,0,0,0,0
260,COVID-19,2020-02-01,Guinea-Bissau,0,0,0,0,0,0
261,COVID-19,2020-02-01,Guyana,0,0,0,0,0,0
262,COVID-19,2020-02-01,Haiti,0,0,0,0,0,0
263,COVID-19,2020-02-01,Holy See,0,0,0,0,0,0
264,COVID-19,2020-02-01,Honduras,0,0,0,0,0,0
265,COVID-19,2020-02-01,Hungary,0,0,0,0,0,0
266,COVID-19,2020-02-01,Iceland,1,0,0,1,0,0
267,COVID-19,2020-02-01,India,3,0,3,2,0,3
268,COVID-19,2020-02-01,Indonesia,0,0,0,0,0,0
269,COVID-19,2020-02-01,Iran,593,43,123,593,43,123
270,COVID-19,2020-02-01,Iraq,13,0,0,13,0,0
271,COVID-19,2020-02-01,Ireland,1,0,0,1,0,0
272,COVID-19,2020-02-01,Israel,7,0,1,7,0,1
273,COVID-19,2020-02-01,Italy,1128,29,46,1126,29,48
274,COVID-19,2020-02-01,Jamaica,0,0,0,0,0,0
275,COVID-19,2020-02-01,Japan,245,6,32,230,6,31
276,COVID-19,2020-02-01,Jordan,0,0,0,0,0,0
277,COVID-19,2020-02-01,Kazakhstan,0,0,0,0,0,0
278,COVID-19,2020-02-01,Kenya,0,0,0,0,0,0
279,COVID-19,2020-02-01,Kosovo,0,0,0,0,0,0
280,COVID-19,2020-02-01,Kuwait,45,0,0,45,0,0
281,COVID-19,2020-02-01,Kyrgyzstan,0,0,0,0,0,0
282,COVID-19,2020-02-01,Laos,0,0,0,0,0,0
283,COVID-19,2020-02-01,Latvia,0,0,0,0,0,0
284,COVID-19,2020-02-01,Lebanon,4,0,0,4,0,0
285,COVID-19,2020-02-01,Lesotho,0,0,0,0,0,0
286,COVID-19,2020-02-01,Liberia,0,0,0,0,0,0
287,COVID-19,2020-02-01,Libya,0,0,0,0,0,0
288,COVID-19,2020-02-01,Liechtenstein,0,0,0,0,0,0
289,COVID-19,2020-02-01,Lithuania,1,0,0,1,0,0
290,COVID-19,2020-02-01,Luxembourg,1,0,0,1,0,0
291,COVID-19,2020-02-01,Madagascar,0,0,0,0,0,0
292,COVID-19,2020-02-01,Malawi,0,0,0,0,0,0
293,COVID-19,2020-02-01,Malaysia,25,0,18,17,0,18
294,COVID-19,2020-02-01,Maldives,0,0,0,0,0,0
295,COVID-19,2020-02-01,Mali,0,0,0,0,0,0
296,COVID-19,2020-02-01,Malta,0,0,0,0,0,0
297,COVID-19,2020-02-01,Mauritania,0,0,0,0,0,0
298,COVID-19,2020-02-01,Mauritius,0,0,0,0,0,0
299,COVID-19,2020-02-01,Mexico,4,0,0,4,0,0
300,COVID-19,2020-02-01,Moldova,0,0,0,0,0,0
301,COVID-19,2020-02-01,Monaco,1,0,0,1,0,0
302,COVID-19,2020-02-01,Mongolia,0,0,0,0,0,0
303,COVID-19,2020-02-01,Montenegro,0,0,0,0,0,0
304,COVID-19,2020-02-01,Morocco,0,0,0,0,0,0
305,COVID-19,2020-02-01,Mozambique,0,0,0,0,0,0
306,COVID-19,2020-02-01,Namibia,0,0,0,0,0,0
307,COVID-19,2020-02-01,Nepal,1,0,1,0,0,1
308,COVID-19,2020-02-01,Netherlands,6,0,0,6,0,0
309,COVID-19,2020-02-01,New Zealand,1,0,0,1,0,0
310,COVID-19,2020-02-01,Nicaragua,0,0,0,0,0,0
311,COVID-19,2020-02-01,Niger,0,0,0,0,0,0
312,COVID-19,2020-02-01,Nigeria,1,0,0,1,0,0
313,COVID-19,2020-02-01,North Macedonia,1,0,0,1,0,0
314,COVID-19,2020-02-01,Norway,15,0,0,15,0,0
315,COVID-19,2020-02-01,Oman,6,0,1,6,0,1
316,COVID-19,2020-02-01,Pakistan,4,0,0,4,0,0
317,COVID-19,2020-02-01,Panama,0,0,0,0,0,0
318,COVID-19,2020-02-01,Papua New Guinea,0,0,0,0,0,0
319,COVID-19,2020-02-01,Paraguay,0,0,0,0,0,0
320,COVID-19,2020-02-01,Peru,0,0,0,0,0,0
321,COVID-19,2020-02-01,Philippines,3,1,1,2,1,1
322,COVID-19,2020-02-01,Poland,0,0,0,0,0,0
323,COVID-19,2020-02-01,Portugal,0,0,0,0,0,0
324,COVID-19,2020-02-01,Qatar,1,0,0,1,0,0
325,COVID-19,2020-02-01,Romania,3,0,0,3,0,0
326,COVID-19,2020-02-01,Russia,2,0,2,0,0,2
327,COVID-19,2020-02-01,Rwanda,0,0,0,0,0,0
328,COVID-19,2020-02-01,Saint Kitts and Nevis,0,0,0,0,0,0
329,COVID-19,2020-02-01,Saint Lucia,0,0,0,0,0,0
330,COVID-19,2020-02-01,Saint Vincent and the Grenadines,0,0,0,0,0,0
331,COVID-19,2020-02-01,San Marino,1,0,0,1,0,0
332,COVID-19,2020-02-01,Sao Tome and Principe,0,0,0,0,0,0
333,COVID-19,2020-02-01,Saudi Arabia,0,0,0,0,0,0
334,COVID-19,2020-02-01,Senegal,0,0,0,0,0,0
335,COVID-19,2020-02-01,Serbia,0,0,0,0,0,0
336,COVID-19,2020-02-01,Seychelles,0,0,0,0,0,0
337,COVID-19,2020-02-01,Sierra Leone,0,0,0,0,0,0
338,COVID-19,2020-02-01,Singapore,102,0,72,89,0,72
339,COVID-19,2020-02-01,Slovakia,0,0,0,0,0,0
340,COVID-19,2020-02-01,Slovenia,0,0,0,0,0,0
341,COVID-19,2020-02-01,Somalia,0,0,0,0,0,0
342,COVID-19,2020-02-01,South Africa,0,0,0,0,0,0
343,COVID-19,2020-02-01,South Korea,3150,16,27,3139,16,27
344,COVID-19,2020-02-01,South Sudan,0,0,0,0,0,0
345,COVID-19,2020-02-01,Spain,45,0,2,45,0,2
346,COVID-19,2020-02-01,Sri Lanka,1,0,1,0,0,1
347,COVID-19,2020-02-01,Sudan,0,0,0,0,0,0
348,COVID-19,2020-02-01,Suriname,0,0,0,0,0,0
349,COVID-19,2020-02-01,Sweden,12,0,0,11,0,0
350,COVID-19,2020-02-01,Switzerland,18,0,0,18,0,0
351,COVID-19,2020-02-01,Syria,0,0,0,0,0,0
352,COVID-19,2020-02-01,Taiwan*,39,1,9,29,1,9
353,COVID-19,2020-02-01,Tajikistan,0,0,0,0,0,0
354,COVID-19,2020-02-01,Tanzania,0,0,0,0,0,0
355,COVID-19,2020-02-01,Thailand,42,0,28,23,0,23
356,COVID-19,2020-02-01,Timor-Leste,0,0,0,0,0,0
357,COVID-19,2020-02-01,Togo,0,0,0,0,0,0
358,COVID-19,2020-02-01,Trinidad and Tobago,0,0,0,0,0,0
359,COVID-19,2020-02-01,Tunisia,0,0,0,0,0,0
360,COVID-19,2020-02-01,Turkey,0,0,0,0,0,0
361,COVID-19,2020-02-01,US,24,1,7,17,1,7
362,COVID-19,2020-02-01,Uganda,0,0,0,0,0,0
363,COVID-19,2020-02-01,Ukraine,0,0,0,0,0,0
364,COVID-19,2020-02-01,United Arab Emirates,21,0,5,17,0,5
365,COVID-19,2020-02-01,United Kingdom,61,0,8,59,0,8
366,COVID-19,2020-02-01,Uruguay,0,0,0,0,0,0
367,COVID-19,2020-02-01,Uzbekistan,0,0,0,0,0,0
368,COVID-19,2020-02-01,Venezuela,0,0,0,0,0,0
369,COVID-19,2020-02-01,Vietnam,16,0,16,14,0,16
370,COVID-19,2020-02-01,West Bank and Gaza,0,0,0,0,0,0
371,COVID-19,2020-02-01,Western Sahara,0,0,0,0,0,0
372,COVID-19,2020-02-01,Yemen,0,0,0,0,0,0
373,COVID-19,2020-02-01,Zambia,0,0,0,0,0,0
374,COVID-19,2020-02-01,Zimbabwe,0,0,0,0,0,0
375,COVID-19,2020-03-01,Afghanistan,174,4,5,173,4,5
376,COVID-19,2020-03-01,Albania,243,15,52,243,15,52
377,COVID-19,2020-03-01,Algeria,716,44,46,715,44,200
378,COVID-19,2020-03-01,Andorra,376,12,10,376,12,12
379,COVID-19,2020-03-01,Angola,7,2,1,7,2,1
380,COVID-19,2020-03-01,Antigua and Barbuda,7,0,0,7,0,0
381,COVID-19,2020-03-01,Argentina,1054,27,240,1054,27,240
382,COVID-19,2020-03-01,Armenia,532,3,30,532,3,30
383,COVID-19,2020-03-01,Australia,4559,18,358,4534,18,347
384,COVID-19,2020-03-01,Austria,10180,128,1095,10171,128,1105
385,COVID-19,2020-03-01,Azerbaijan,298,5,26,298,5,28
386,COVID-19,2020-03-01,Bahamas,14,0,1,14,0,1
387,COVID-19,2020-03-01,Bahrain,567,4,295,526,4,295
388,COVID-19,2020-03-01,Bangladesh,51,5,25,51,5,25
389,COVID-19,2020-03-01,Barbados,34,0,0,34,0,0
390,COVID-19,2020-03-01,Belarus,152,1,47,151,1,47
391,COVID-19,2020-03-01,Belgium,12775,705,1696,12774,705,1755
392,COVID-19,2020-03-01,Belize,3,0,0,3,0,0
393,COVID-19,2020-03-01,Benin,9,0,1,9,0,1
394,COVID-19,2020-03-01,Bhutan,4,0,0,4,0,0
395,COVID-19,2020-03-01,Bolivia,107,6,0,107,6,0
396,COVID-19,2020-03-01,Bosnia and Herzegovina,420,13,17,420,13,17
397,COVID-19,2020-03-01,Botswana,4,1,0,4,1,0
398,COVID-19,2020-03-01,Brazil,5717,201,127,5715,201,127
399,COVID-19,2020-03-01,Brunei,129,1,45,129,1,45
400,COVID-19,2020-03-01,Bulgaria,399,8,17,399,8,17
401,COVID-19,2020-03-01,Burkina Faso,261,14,32,261,14,32
402,COVID-19,2020-03-01,Burma,15,1,0,15,1,0
403,COVID-19,2020-03-01,Burundi,2,0,0,2,0,0
404,COVID-19,2020-03-01,Cabo Verde,6,1,0,6,1,0
405,COVID-19,2020-03-01,Cambodia,109,0,23,108,0,22
406,COVID-19,2020-03-01,Cameroon,193,6,5,193,6,5
407,COVID-19,2020-03-01,Canada,8514,100,0,8494,100,0
408,COVID-19,2020-03-01,Central African Republic,3,0,0,3,0,0
409,COVID-19,2020-03-01,Chad,7,0,0,7,0,0
410,COVID-19,2020-03-01,Chile,2844,12,156,2842,12,156
411,COVID-19,2020-03-01,China,82279,3309,74645,2923,472,36777
412,COVID-19,2020-03-01,Colombia,906,16,31,906,16,31
413,COVID-19,2020-03-01,Comoros,0,0,0,0,0,0
414,COVID-19,2020-03-01,Congo (Brazzaville),19,0,0,19,0,0
415,COVID-19,2020-03-01,Congo (Kinshasa),98,8,2,98,8,2
416,COVID-19,2020-03-01,Costa Rica,347,2,4,347,2,4
417,COVID-19,2020-03-01,Cote d'Ivoire,179,1,7,179,1,7
418,COVID-19,2020-03-01,Croatia,867,6,67,861,6,67
419,COVID-19,2020-03-01,Cuba,186,6,8,186,6,8
420,COVID-19,2020-03-01,Cyprus,262,8,23,262,8,23
421,COVID-19,2020-03-01,Czechia,3308,31,45,3308,31,45
422,COVID-19,2020-03-01,Denmark,3029,90,75,3026,90,75
423,COVID-19,2020-03-01,Djibouti,30,0,0,30,0,0
424,COVID-19,2020-03-01,Dominica,12,0,0,12,0,0
425,COVID-19,2020-03-01,Dominican Republic,1109,51,5,1109,51,5
426,COVID-19,2020-03-01,Ecuador,2240,75,54,2240,75,54
427,COVID-19,2020-03-01,Egypt,710,46,157,709,46,168
428,COVID-19,2020-03-01,El Salvador,32,1,0,32,1,0
429,COVID-19,2020-03-01,Equatorial Guinea,12,0,1,12,0,1
430,COVID-19,2020-03-01,Eritrea,15,0,0,15,0,0
431,COVID-19,2020-03-01,Estonia,745,4,26,744,4,26
432,COVID-19,2020-03-01,Eswatini,9,0,0,9,0,0
433,COVID-19,2020-03-01,Ethiopia,26,0,2,26,0,14
434,COVID-19,2020-03-01,Fiji,5,0,0,5,0,0
435,COVID-19,2020-03-01,Finland,1418,17,10,1415,17,9
436,COVID-19,2020-03-01,France,52827,3532,9513,52727,3530,9501
437,COVID-19,2020-03-01,Gabon,16,1,0,16,1,0
438,COVID-19,2020-03-01,Gambia,4,1,0,4,1,0
439,COVID-19,2020-03-01,Georgia,110,0,21,109,0,21
440,COVID-19,2020-03-01,Germany,71808,775,16100,71729,775,16084
441,COVID-19,2020-03-01,Ghana,161,5,31,161,5,31
442,COVID-19,2020-03-01,Greece,1314,49,52,1310,49,52
443,COVID-19,2020-03-01,Greenland,10,0,2,10,0,2
444,COVID-19,2020-03-01,Grenada,9,0,0,9,0,0
445,COVID-19,2020-03-01,Guatemala,38,1,12,38,1,12
446,COVID-19,2020-03-01,Guinea,22,0,0,22,0,0
447,COVID-19,2020-03-01,Guinea-Bissau,8,0,0,8,0,0
448,COVID-19,2020-03-01,Guyana,12,2,0,27,2,0
449,COVID-19,2020-03-01,Haiti,15,0,1,15,0,1
450,COVID-19,2020-03-01,Holy See,6,0,0,6,0,0
451,COVID-19,2020-03-01,Honduras,141,7,3,141,7,3
452,COVID-19,2020-03-01,Hungary,492,16,37,492,16,37
453,COVID-19,2020-03-01,Iceland,1135,2,198,1134,14,214
454,COVID-19,2020-03-01,India,1397,35,123,1394,37,120
455,COVID-19,2020-03-01,Indonesia,1528,136,81,1528,136,81
456,COVID-19,2020-03-01,Iran,44605,2898,14656,44012,2855,14533
457,COVID-19,2020-03-01,Iraq,694,50,170,681,50,170
458,COVID-19,2020-03-01,Ireland,3235,71,5,3234,71,5
459,COVID-19,2020-03-01,Israel,5358,20,224,5351,20,223
460,COVID-19,2020-03-01,Italy,105792,12428,15729,104664,12399,15683
461,COVID-19,2020-03-01,Jamaica,36,1,2,36,1,2
462,COVID-19,2020-03-01,Japan,2255,67,424,2010,61,392
463,COVID-19,2020-03-01,Jordan,274,5,30,274,5,30
464,COVID-19,2020-03-01,Kazakhstan,343,2,24,343,8,24
465,COVID-19,2020-03-01,Kenya,59,1,1,59,1,1
466,COVID-19,2020-03-01,Kosovo,112,1,6,112,1,6
467,COVID-19,2020-03-01,Kuwait,289,0,73,244,0,73
468,COVID-19,2020-03-01,Kyrgyzstan,107,0,3,107,0,3
469,COVID-19,2020-03-01,Laos,9,0,0,9,0,0
470,COVID-19,2020-03-01,Latvia,398,0,1,398,0,1
471,COVID-19,2020-03-01,Lebanon,470,12,37,466,12,37
472,COVID-19,2020-03-01,Lesotho,0,0,0,0,0,0
473,COVID-19,2020-03-01,Liberia,3,0,0,3,0,0
474,COVID-19,2020-03-01,Libya,10,0,1,10,0,1
475,COVID-19,2020-03-01,Liechtenstein,68,0,44,68,0,44
476,COVID-19,2020-03-01,Lithuania,537,8,7,536,8,7
477,COVID-19,2020-03-01,Luxembourg,2178,23,80,2177,23,80
478,COVID-19,2020-03-01,Madagascar,57,0,0,57,0,0
479,COVID-19,2020-03-01,Malawi,0,0,0,0,0,0
480,COVID-19,2020-03-01,Malaysia,2766,43,537,2741,43,519
481,COVID-19,2020-03-01,Maldives,18,0,13,18,0,13
482,COVID-19,2020-03-01,Mali,28,2,0,28,2,0
483,COVID-19,2020-03-01,Malta,169,0,2,169,0,2
484,COVID-19,2020-03-01,Mauritania,6,1,2,6,1,2
485,COVID-19,2020-03-01,Mauritius,143,5,0,143,5,0
486,COVID-19,2020-03-01,Mexico,1215,29,35,1211,29,35
487,COVID-19,2020-03-01,Moldova,353,4,18,353,4,18
488,COVID-19,2020-03-01,Monaco,52,1,2,51,1,2
489,COVID-19,2020-03-01,Mongolia,12,0,2,12,0,2
490,COVID-19,2020-03-01,Montenegro,109,2,0,109,2,0
491,COVID-19,2020-03-01,Morocco,617,36,24,617,36,24
492,COVID-19,2020-03-01,Mozambique,8,0,0,8,0,0
493,COVID-19,2020-03-01,Namibia,11,0,2,11,0,2
494,COVID-19,2020-03-01,Nepal,5,0,1,4,0,0
495,COVID-19,2020-03-01,Netherlands,12667,1040,3,12661,1040,3
496,COVID-19,2020-03-01,New Zealand,647,1,74,646,1,74
497,COVID-19,2020-03-01,Nicaragua,5,1,0,5,1,0
498,COVID-19,2020-03-01,Niger,27,3,0,27,3,0
499,COVID-19,2020-03-01,Nigeria,135,2,8,134,2,8
500,COVID-19,2020-03-01,North Macedonia,329,9,12,328,9,12
501,COVID-19,2020-03-01,Norway,4641,39,13,4626,39,13
502,COVID-19,2020-03-01,Oman,192,1,34,186,1,33
503,COVID-19,2020-03-01,Pakistan,2118,27,94,2114,27,110
504,COVID-19,2020-03-01,Panama,1181,30,9,1181,30,9
505,COVID-19,2020-03-01,Papua New Guinea,1,0,0,1,0,0
506,COVID-19,2020-03-01,Paraguay,65,3,1,65,3,1
507,COVID-19,2020-03-01,Peru,1065,30,394,1065,30,394
508,COVID-19,2020-03-01,Philippines,2084,88,49,2081,91,48
509,COVID-19,2020-03-01,Poland,2311,33,7,2311,33,31
510,COVID-19,2020-03-01,Portugal,7443,160,43,7443,160,43
511,COVID-19,2020-03-01,Qatar,781,2,62,780,2,62
512,COVID-19,2020-03-01,Romania,2245,82,220,2242,82,220
513,COVID-19,2020-03-01,Russia,2337,17,121,2335,17,119
514,COVID-19,2020-03-01,Rwanda,75,0,0,75,0,0
515,COVID-19,2020-03-01,Saint Kitts and Nevis,8,0,0,8,0,0
516,COVID-19,2020-03-01,Saint Lucia,13,0,1,13,0,1
517,COVID-19,2020-03-01,Saint Vincent and the Grenadines,1,0,1,1,0,1
518,COVID-19,2020-03-01,San Marino,236,26,13,235,26,13
519,COVID-19,2020-03-01,Sao Tome and Principe,0,0,0,0,0,0
520,COVID-19,2020-03-01,Saudi Arabia,1563,10,165,1563,10,165
521,COVID-19,2020-03-01,Senegal,175,0,40,175,0,40
522,COVID-19,2020-03-01,Serbia,900,16,0,900,22,30
523,COVID-19,2020-03-01,Seychelles,10,0,0,10,0,0
524,COVID-19,2020-03-01,Sierra Leone,1,0,0,1,0,0
525,COVID-19,2020-03-01,Singapore,926,3,240,824,3,168
526,COVID-19,2020-03-01,Slovakia,363,0,3,363,2,21
527,COVID-19,2020-03-01,Slovenia,802,15,10,802,15,10
528,COVID-19,2020-03-01,Somalia,5,0,1,5,0,1
529,COVID-19,2020-03-01,South Africa,1353,5,31,1353,5,31
530,COVID-19,2020-03-01,South Korea,9786,162,5408,6636,146,5415
531,COVID-19,2020-03-01,South Sudan,0,0,0,0,0,0
532,COVID-19,2020-03-01,Spain,95923,8464,19259,95878,8464,19257
533,COVID-19,2020-03-01,Sri Lanka,143,2,17,142,2,22
534,COVID-19,2020-03-01,Sudan,7,2,1,7,2,1
535,COVID-19,2020-03-01,Suriname,9,0,0,9,0,0
536,COVID-19,2020-03-01,Sweden,4435,180,0,4423,180,0
537,COVID-19,2020-03-01,Switzerland,16605,433,1823,16587,433,1823
538,COVID-19,2020-03-01,Syria,10,2,0,10,2,0
539,COVID-19,2020-03-01,Taiwan*,322,5,39,283,4,30
540,COVID-19,2020-03-01,Tajikistan,0,0,0,0,0,0
541,COVID-19,2020-03-01,Tanzania,19,1,1,19,1,1
542,COVID-19,2020-03-01,Thailand,1651,10,342,1609,10,314
543,COVID-19,2020-03-01,Timor-Leste,1,0,0,1,0,0
544,COVID-19,2020-03-01,Togo,34,1,10,34,1,10
545,COVID-19,2020-03-01,Trinidad and Tobago,87,3,1,87,3,3
546,COVID-19,2020-03-01,Tunisia,394,10,3,394,10,3
547,COVID-19,2020-03-01,Turkey,13531,214,243,13531,214,243
548,COVID-19,2020-03-01,US,188724,5605,7024,188700,5604,7017
549,COVID-19,2020-03-01,Uganda,44,0,0,44,0,0
550,COVID-19,2020-03-01,Ukraine,645,17,10,645,17,10
551,COVID-19,2020-03-01,United Arab Emirates,664,6,61,643,6,56
552,COVID-19,2020-03-01,United Kingdom,38815,2430,179,38754,2430,171
553,COVID-19,2020-03-01,Uruguay,338,1,41,338,1,41
554,COVID-19,2020-03-01,Uzbekistan,172,2,7,172,2,7
555,COVID-19,2020-03-01,Venezuela,135,3,39,135,3,39
556,COVID-19,2020-03-01,Vietnam,212,0,58,196,0,42
557,COVID-19,2020-03-01,West Bank and Gaza,119,1,18,119,1,18
558,COVID-19,2020-03-01,Western Sahara,0,0,0,0,0,0
559,COVID-19,2020-03-01,Yemen,0,0,0,0,0,0
560,COVID-19,2020-03-01,Zambia,35,0,0,35,0,0
561,COVID-19,2020-03-01,Zimbabwe,8,1,0,8,1,0
562,COVID-19,2020-04-01,Afghanistan,2171,64,260,1997,60,255
563,COVID-19,2020-04-01,Albania,773,31,470,530,16,418
564,COVID-19,2020-04-01,Algeria,4006,450,1779,3290,406,1733
565,COVID-19,2020-04-01,Andorra,745,42,468,369,30,458
566,COVID-19,2020-04-01,Angola,27,2,7,20,0,6
567,COVID-19,2020-04-01,Antigua and Barbuda,24,3,11,17,3,11
568,COVID-19,2020-04-01,Argentina,4428,218,1256,3374,191,1016
569,COVID-19,2020-04-01,Armenia,2066,32,929,1534,29,899
570,COVID-19,2020-04-01,Australia,6766,93,5742,2207,75,5384
571,COVID-19,2020-04-01,Austria,15452,584,12907,5272,456,11812
572,COVID-19,2020-04-01,Azerbaijan,1804,24,1325,1506,19,1299
573,COVID-19,2020-04-01,Bahamas,81,11,25,67,11,26
574,COVID-19,2020-04-01,Bahrain,3040,8,1500,2473,4,1205
575,COVID-19,2020-04-01,Bangladesh,7667,168,160,7616,163,135
576,COVID-19,2020-04-01,Barbados,81,7,39,47,7,39
577,COVID-19,2020-04-01,Belarus,14027,89,2386,13875,88,2341
578,COVID-19,2020-04-01,Belgium,48519,7594,11576,35744,6889,9880
579,COVID-19,2020-04-01,Belize,18,2,9,15,2,9
580,COVID-19,2020-04-01,Benin,64,1,33,55,1,32
581,COVID-19,2020-04-01,Bhutan,7,0,5,3,0,5
582,COVID-19,2020-04-01,Bolivia,1167,62,132,1060,56,132
583,COVID-19,2020-04-01,Bosnia and Herzegovina,1757,69,727,1337,56,710
584,COVID-19,2020-04-01,Botswana,23,1,5,19,0,5
585,COVID-19,2020-04-01,Brazil,87187,6006,35935,81470,5805,35808
586,COVID-19,2020-04-01,Brunei,138,1,124,9,0,79
587,COVID-19,2020-04-01,Bulgaria,1506,66,266,1107,58,249
588,COVID-19,2020-04-01,Burkina Faso,645,43,506,384,29,474
589,COVID-19,2020-04-01,Burma,151,6,27,136,5,27
590,COVID-19,2020-04-01,Burundi,11,1,4,9,1,4
591,COVID-19,2020-04-01,Cabo Verde,121,1,4,115,0,4
592,COVID-19,2020-04-01,Cambodia,122,0,119,13,0,98
593,COVID-19,2020-04-01,Cameroon,1832,61,934,1639,55,931
594,COVID-19,2020-04-01,Canada,54444,3309,0,45930,3209,0
595,COVID-19,2020-04-01,Central African Republic,50,0,10,47,0,10
596,COVID-19,2020-04-01,Chad,73,5,33,66,5,33
597,COVID-19,2020-04-01,Chile,17702,227,8580,14858,215,8424
598,COVID-19,2020-04-01,China,83956,4637,76951,1677,1328,4006
599,COVID-19,2020-04-01,Colombia,6507,293,1439,5601,277,1408
600,COVID-19,2020-04-01,Comoros,1,0,0,1,0,0
601,COVID-19,2020-04-01,Congo (Brazzaville),220,9,19,201,9,19
602,COVID-19,2020-04-01,Congo (Kinshasa),572,31,73,474,23,71
603,COVID-19,2020-04-01,Costa Rica,719,6,338,372,4,334
604,COVID-19,2020-04-01,Cote d'Ivoire,1275,14,574,1096,13,567
605,COVID-19,2020-04-01,Croatia,2076,69,1348,1209,63,1281
606,COVID-19,2020-04-01,Cuba,1501,61,681,1315,55,673
607,COVID-19,2020-04-01,Cyprus,850,15,296,588,11,273
608,COVID-19,2020-04-01,Czechia,7682,236,3314,4374,205,3269
609,COVID-19,2020-04-01,Denmark,9345,452,6730,6316,362,6655
610,COVID-19,2020-04-01,Djibouti,1089,2,642,1059,2,642
611,COVID-19,2020-04-01,Dominica,16,0,13,4,0,13
612,COVID-19,2020-04-01,Dominican Republic,6972,301,1301,5863,250,1296
613,COVID-19,2020-04-01,Ecuador,24934,900,1558,22694,825,1504
614,COVID-19,2020-04-01,Egypt,5537,392,1381,4827,346,1224
615,COVID-19,2020-04-01,El Salvador,395,10,119,363,9,119
616,COVID-19,2020-04-01,Equatorial Guinea,315,1,9,303,1,8
617,COVID-19,2020-04-01,Eritrea,39,0,26,24,0,26
618,COVID-19,2020-04-01,Estonia,1689,52,249,944,48,231
619,COVID-19,2020-04-01,Eswatini,100,1,12,91,1,12
620,COVID-19,2020-04-01,Ethiopia,131,3,59,105,3,57
621,COVID-19,2020-04-01,Fiji,18,0,12,13,0,12
622,COVID-19,2020-04-01,Finland,4995,211,3000,3577,196,2990
623,COVID-19,2020-04-01,France,167299,24379,49476,119170,20847,39963
624,COVID-19,2020-04-01,Gabon,276,3,67,260,2,67
625,COVID-19,2020-04-01,Gambia,11,1,8,7,0,8
626,COVID-19,2020-04-01,Georgia,539,6,184,429,6,163
627,COVID-19,2020-04-01,Germany,163009,6623,123500,91201,5910,107400
628,COVID-19,2020-04-01,Ghana,2074,17,212,1913,12,243
629,COVID-19,2020-04-01,Greece,2591,140,1374,1277,91,1322
630,COVID-19,2020-04-01,Greenland,11,0,11,1,0,9
631,COVID-19,2020-04-01,Grenada,20,0,13,11,0,13
632,COVID-19,2020-04-01,Guatemala,599,16,66,561,15,54
633,COVID-19,2020-04-01,Guinea,1495,7,329,1473,7,329
634,COVID-19,2020-04-01,Guinea-Bissau,205,1,19,197,1,19
635,COVID-19,2020-04-01,Guyana,82,9,22,70,7,22
636,COVID-19,2020-04-01,Haiti,81,8,8,66,8,9
637,COVID-19,2020-04-01,Holy See,11,0,2,5,0,2
638,COVID-19,2020-04-01,Honduras,771,71,79,630,64,88
639,COVID-19,2020-04-01,Hungary,2775,312,581,2283,296,544
640,COVID-19,2020-04-01,Iceland,1797,10,1670,662,8,1472
641,COVID-19,2020-04-01,India,34863,1154,9068,33466,1119,8945
642,COVID-19,2020-04-01,Indonesia,10118,792,1522,8590,656,1441
643,COVID-19,2020-04-01,Iran,94640,6028,75103,50035,3130,60447
644,COVID-19,2020-04-01,Iraq,2085,93,1375,1391,43,1205
645,COVID-19,2020-04-01,Ireland,20612,1232,13386,17377,1161,13381
646,COVID-19,2020-04-01,Israel,15946,222,8561,10588,202,8337
647,COVID-19,2020-04-01,Italy,205463,27967,75945,99671,15539,60216
648,COVID-19,2020-04-01,Jamaica,422,8,29,386,7,27
649,COVID-19,2020-04-01,Japan,14284,481,2460,12029,414,2036
650,COVID-19,2020-04-01,Jordan,453,8,362,179,3,332
651,COVID-19,2020-04-01,Kazakhstan,3402,25,866,3059,25,842
652,COVID-19,2020-04-01,Kenya,396,17,144,337,16,143
653,COVID-19,2020-04-01,Kosovo,806,22,271,694,21,265
654,COVID-19,2020-04-01,Kuwait,4024,26,1539,3735,26,1466
655,COVID-19,2020-04-01,Kyrgyzstan,746,8,462,639,8,459
656,COVID-19,2020-04-01,Laos,19,0,8,10,0,8
657,COVID-19,2020-04-01,Latvia,858,15,348,460,15,407
658,COVID-19,2020-04-01,Lebanon,725,24,150,255,12,113
659,COVID-19,2020-04-01,Lesotho,0,0,0,0,0,0
660,COVID-19,2020-04-01,Liberia,141,16,45,138,16,45
661,COVID-19,2020-04-01,Libya,61,3,18,51,3,19
662,COVID-19,2020-04-01,Liechtenstein,82,1,80,14,1,36
663,COVID-19,2020-04-01,Lithuania,1385,45,589,953,37,582
664,COVID-19,2020-04-01,Luxembourg,3784,90,3213,1606,71,3133
665,COVID-19,2020-04-01,Madagascar,128,0,92,71,0,92
666,COVID-19,2020-04-01,Malawi,37,3,7,37,3,7
667,COVID-19,2020-04-01,Malaysia,6002,102,4171,3236,59,3634
668,COVID-19,2020-04-01,Maldives,468,1,17,450,1,4
669,COVID-19,2020-04-01,Mali,490,26,135,462,24,135
670,COVID-19,2020-04-01,Malta,465,4,351,296,4,349
671,COVID-19,2020-04-01,Mauritania,8,1,6,2,0,4
672,COVID-19,2020-04-01,Mauritius,332,10,310,191,5,310
673,COVID-19,2020-04-01,Mexico,19224,1859,11423,18009,1830,11388
674,COVID-19,2020-04-01,Moldova,3897,116,1182,3544,112,1164
675,COVID-19,2020-04-01,Monaco,95,4,64,43,3,62
676,COVID-19,2020-04-01,Mongolia,38,0,10,26,0,8
677,COVID-19,2020-04-01,Montenegro,322,7,214,213,5,214
678,COVID-19,2020-04-01,Morocco,4423,170,984,3806,134,960
679,COVID-19,2020-04-01,Mozambique,76,0,0,68,0,0
680,COVID-19,2020-04-01,Namibia,16,0,8,5,0,6
681,COVID-19,2020-04-01,Nepal,57,0,16,52,0,15
682,COVID-19,2020-04-01,Netherlands,39507,4811,125,26840,3771,132
683,COVID-19,2020-04-01,New Zealand,1479,19,1252,833,18,1178
684,COVID-19,2020-04-01,Nicaragua,14,3,7,9,2,7
685,COVID-19,2020-04-01,Niger,719,32,452,692,29,452
686,COVID-19,2020-04-01,Nigeria,1932,58,319,1797,56,311
687,COVID-19,2020-04-01,North Macedonia,1465,77,738,1136,68,726
688,COVID-19,2020-04-01,Norway,7738,210,32,3097,171,19
689,COVID-19,2020-04-01,Oman,2348,11,495,2156,10,461
690,COVID-19,2020-04-01,Pakistan,18114,417,4715,15996,390,4621
691,COVID-19,2020-04-01,Panama,6532,188,576,5351,158,567
692,COVID-19,2020-04-01,Papua New Guinea,8,0,0,7,0,0
693,COVID-19,2020-04-01,Paraguay,266,10,113,201,7,112
694,COVID-19,2020-04-01,Peru,36976,1051,10405,35911,1021,10011
695,COVID-19,2020-04-01,Philippines,8488,568,1043,6404,480,994
696,COVID-19,2020-04-01,Poland,12877,644,3236,10566,611,3229
697,COVID-19,2020-04-01,Portugal,25045,989,1519,17602,829,1476
698,COVID-19,2020-04-01,Qatar,13409,10,1372,12628,8,1310
699,COVID-19,2020-04-01,Romania,12240,717,4017,9995,635,3797
700,COVID-19,2020-04-01,Russia,106498,1073,11619,104161,1056,11498
701,COVID-19,2020-04-01,Rwanda,243,0,104,168,0,104
702,COVID-19,2020-04-01,Saint Kitts and Nevis,15,0,6,7,0,6
703,COVID-19,2020-04-01,Saint Lucia,17,0,15,4,0,14
704,COVID-19,2020-04-01,Saint Vincent and the Grenadines,16,0,8,15,0,7
705,COVID-19,2020-04-01,San Marino,569,41,78,333,15,65
706,COVID-19,2020-04-01,Sao Tome and Principe,14,0,4,14,0,4
707,COVID-19,2020-04-01,Saudi Arabia,22753,162,3163,21190,152,2998
708,COVID-19,2020-04-01,Senegal,933,9,334,758,9,294
709,COVID-19,2020-04-01,Serbia,9009,179,1343,8109,163,1343
710,COVID-19,2020-04-01,Seychelles,11,0,6,1,0,6
711,COVID-19,2020-04-01,Sierra Leone,124,7,21,123,7,21
712,COVID-19,2020-04-01,Singapore,16169,15,1244,15243,12,1004
713,COVID-19,2020-04-01,Slovakia,1396,23,524,1033,23,525
714,COVID-19,2020-04-01,Slovenia,1429,91,233,627,76,223
715,COVID-19,2020-04-01,Somalia,601,28,31,596,28,30
716,COVID-19,2020-04-01,South Africa,5647,103,2073,4294,98,2042
717,COVID-19,2020-04-01,South Korea,10774,248,9072,988,86,3664
718,COVID-19,2020-04-01,South Sudan,35,0,0,35,0,0
719,COVID-19,2020-04-01,Spain,213435,24543,112050,127546,16079,92791
720,COVID-19,2020-04-01,Sri Lanka,663,7,154,520,5,137
721,COVID-19,2020-04-01,Sudan,442,31,39,435,29,38
722,COVID-19,2020-04-01,Suriname,10,1,8,1,1,8
723,COVID-19,2020-04-01,Sweden,21092,2586,0,16657,2406,0
724,COVID-19,2020-04-01,Switzerland,29586,1737,23400,12981,1304,21577
725,COVID-19,2020-04-01,Syria,43,3,0,33,1,0
726,COVID-19,2020-04-01,Taiwan*,429,6,322,107,1,283
727,COVID-19,2020-04-01,Tajikistan,15,0,0,15,0,0
728,COVID-19,2020-04-01,Tanzania,480,16,167,461,15,166
729,COVID-19,2020-04-01,Thailand,2954,54,2684,1303,44,2342
730,COVID-19,2020-04-01,Timor-Leste,24,0,0,23,0,0
731,COVID-19,2020-04-01,Togo,116,9,65,82,8,55
732,COVID-19,2020-04-01,Trinidad and Tobago,116,8,72,29,5,71
733,COVID-19,2020-04-01,Tunisia,994,41,305,600,31,302
734,COVID-19,2020-04-01,Turkey,120204,3174,48886,106673,2960,48643
735,COVID-19,2020-04-01,US,1072667,64256,153947,883943,58651,146923
736,COVID-19,2020-04-01,Uganda,83,0,52,40,0,52
737,COVID-19,2020-04-01,Ukraine,10406,261,1238,9761,244,1228
738,COVID-19,2020-04-01,United Arab Emirates,12481,105,2429,11817,99,2368
739,COVID-19,2020-04-01,United Kingdom,178771,26859,859,139956,24429,1324
740,COVID-19,2020-04-01,Uruguay,643,17,417,326,16,376
741,COVID-19,2020-04-01,Uzbekistan,2039,9,1133,1867,7,1126
742,COVID-19,2020-04-01,Venezuela,333,16,142,198,13,103
743,COVID-19,2020-04-01,Vietnam,270,0,219,58,0,181
744,COVID-19,2020-04-01,West Bank and Gaza,344,2,76,225,1,84
745,COVID-19,2020-04-01,Western Sahara,6,0,5,6,0,5
746,COVID-19,2020-04-01,Yemen,6,2,1,6,2,1
747,COVID-19,2020-04-01,Zambia,106,3,55,71,3,55
748,COVID-19,2020-04-01,Zimbabwe,40,4,5,32,3,5
749,COVID-19,2020-05-01,Afghanistan,15205,257,1328,13034,193,1068
750,COVID-19,2020-05-01,Albania,1137,33,872,364,2,402
751,COVID-19,2020-05-01,Algeria,9394,653,5748,5388,203,4043
752,COVID-19,2020-05-01,Andorra,764,51,694,19,9,226
753,COVID-19,2020-05-01,Angola,86,4,18,59,2,11
754,COVID-19,2020-05-01,Antigua and Barbuda,26,3,19,2,0,8
755,COVID-19,2020-05-01,Argentina,16851,539,5336,12423,321,4080
756,COVID-19,2020-05-01,Armenia,9282,131,3386,7216,99,2457
757,COVID-19,2020-05-01,Australia,7202,103,6618,436,10,882
758,COVID-19,2020-05-01,Austria,16731,668,15593,1279,84,2686
759,COVID-19,2020-05-01,Azerbaijan,5494,63,3428,3690,39,2103
760,COVID-19,2020-05-01,Bahamas,102,11,48,21,0,25
761,COVID-19,2020-05-01,Bahrain,11398,19,6673,8358,11,5173
762,COVID-19,2020-05-01,Bangladesh,47153,650,9781,39486,482,9621
763,COVID-19,2020-05-01,Barbados,92,7,76,11,0,37
764,COVID-19,2020-05-01,Belarus,42556,235,18514,28529,146,16128
765,COVID-19,2020-05-01,Belgium,58381,9467,15887,9862,1873,4311
766,COVID-19,2020-05-01,Belize,18,2,16,0,0,7
767,COVID-19,2020-05-01,Benin,232,3,143,377,2,162
768,COVID-19,2020-05-01,Bhutan,43,0,6,36,0,1
769,COVID-19,2020-05-01,Bolivia,9982,313,968,8815,251,836
770,COVID-19,2020-05-01,Bosnia and Herzegovina,2510,153,1862,753,84,1135
771,COVID-19,2020-05-01,Botswana,35,1,20,12,0,15
772,COVID-19,2020-05-01,Brazil,514849,29314,206555,427662,23308,170620
773,COVID-19,2020-05-01,Brunei,141,2,138,3,1,14
774,COVID-19,2020-05-01,Bulgaria,2513,140,1074,1007,74,808
775,COVID-19,2020-05-01,Burkina Faso,847,53,720,202,10,214
776,COVID-19,2020-05-01,Burma,224,6,138,73,0,111
777,COVID-19,2020-05-01,Burundi,63,1,33,52,0,29
778,COVID-19,2020-05-01,Cabo Verde,435,4,193,314,3,189
779,COVID-19,2020-05-01,Cambodia,125,0,123,3,0,4
780,COVID-19,2020-05-01,Cameroon,5904,191,3568,4072,130,2634
781,COVID-19,2020-05-01,Canada,92465,7373,0,38021,4064,0
782,COVID-19,2020-05-01,Central African Republic,1011,2,23,961,2,13
783,COVID-19,2020-05-01,Chad,778,65,491,705,60,458
784,COVID-19,2020-05-01,Chile,123550,1054,42727,105848,827,34147
785,COVID-19,2020-05-01,China,84146,4638,77813,190,1,862
786,COVID-19,2020-05-01,Colombia,29383,939,7032,22876,646,5593
787,COVID-19,2020-05-01,Comoros,106,2,26,105,2,26
788,COVID-19,2020-05-01,Congo (Brazzaville),611,20,179,391,11,160
789,COVID-19,2020-05-01,Congo (Kinshasa),3070,72,448,2498,41,375
790,COVID-19,2020-05-01,Costa Rica,1056,10,669,337,4,331
791,COVID-19,2020-05-01,Cote d'Ivoire,2833,33,1435,1558,19,861
792,COVID-19,2020-05-01,Croatia,2246,103,2072,170,34,724
793,COVID-19,2020-05-01,Cuba,2045,83,1809,544,22,1128
794,COVID-19,2020-05-01,Cyprus,944,17,790,94,2,494
795,COVID-19,2020-05-01,Czechia,9268,320,6558,1586,86,3244
796,COVID-19,2020-05-01,Denmark,11856,574,10549,2511,134,3819
797,COVID-19,2020-05-01,Djibouti,3354,24,1504,2265,22,862
798,COVID-19,2020-05-01,Dominica,16,0,16,0,0,3
799,COVID-19,2020-05-01,Dominican Republic,17285,502,10559,10313,201,9258
800,COVID-19,2020-05-01,Ecuador,39098,3358,19592,17277,2458,18034
801,COVID-19,2020-05-01,Egypt,24985,959,6037,19448,567,4656
802,COVID-19,2020-05-01,El Salvador,2517,46,1040,2122,36,921
803,COVID-19,2020-05-01,Equatorial Guinea,1306,12,200,991,11,191
804,COVID-19,2020-05-01,Eritrea,39,0,39,0,0,13
805,COVID-19,2020-05-01,Estonia,1869,68,1624,180,16,1375
806,COVID-19,2020-05-01,Eswatini,285,2,189,185,1,177
807,COVID-19,2020-05-01,Ethiopia,1172,11,209,1041,8,150
808,COVID-19,2020-05-01,Fiji,18,0,15,0,0,3
809,COVID-19,2020-05-01,Finland,6859,320,5500,1864,109,2900
810,COVID-19,2020-05-01,France,189009,28805,68473,22095,4860,18997
811,COVID-19,2020-05-01,Gabon,2655,17,722,2379,14,655
812,COVID-19,2020-05-01,Gambia,25,1,20,14,0,12
813,COVID-19,2020-05-01,Georgia,783,12,605,244,6,421
814,COVID-19,2020-05-01,Germany,183410,8540,165352,20401,1917,41852
815,COVID-19,2020-05-01,Ghana,8070,36,2947,5996,19,2735
816,COVID-19,2020-05-01,Greece,2917,175,1374,326,35,0
817,COVID-19,2020-05-01,Greenland,13,0,11,2,0,0
818,COVID-19,2020-05-01,Grenada,23,0,18,3,0,5
819,COVID-19,2020-05-01,Guatemala,5087,108,735,4488,92,669
820,COVID-19,2020-05-01,Guinea,3706,23,2030,2211,16,1701
821,COVID-19,2020-05-01,Guinea-Bissau,1256,8,42,1051,7,23
822,COVID-19,2020-05-01,Guyana,153,12,70,71,3,48
823,COVID-19,2020-05-01,Haiti,2124,44,24,2043,36,32
824,COVID-19,2020-05-01,Holy See,12,0,2,1,0,0
825,COVID-19,2020-05-01,Honduras,5202,212,537,4451,141,458
826,COVID-19,2020-05-01,Hungary,3876,526,2147,1101,214,1566
827,COVID-19,2020-05-01,Iceland,1806,10,1794,9,0,124
828,COVID-19,2020-05-01,India,190609,5408,91852,155746,4254,82784
829,COVID-19,2020-05-01,Indonesia,26473,1613,7308,16355,821,5786
830,COVID-19,2020-05-01,Iran,151466,7797,118848,56826,1769,43745
831,COVID-19,2020-05-01,Iraq,6439,205,3156,4354,112,1781
832,COVID-19,2020-05-01,Ireland,24990,1652,22089,4378,424,8703
833,COVID-19,2020-05-01,Israel,17071,285,14812,1125,63,6251
834,COVID-19,2020-05-01,Italy,232997,33415,157507,27534,5448,81562
835,COVID-19,2020-05-01,Jamaica,586,9,311,164,1,282
836,COVID-19,2020-05-01,Japan,16751,898,14342,2467,417,11882
837,COVID-19,2020-05-01,Jordan,739,9,522,286,1,338
838,COVID-19,2020-05-01,Kazakhstan,10858,40,5404,7456,15,4538
839,COVID-19,2020-05-01,Kenya,1962,64,478,1566,47,334
840,COVID-19,2020-05-01,Kosovo,1064,30,829,258,8,558
841,COVID-19,2020-05-01,Kuwait,27043,212,11386,23019,186,9847
842,COVID-19,2020-05-01,Kyrgyzstan,1748,16,1170,1002,8,708
843,COVID-19,2020-05-01,Laos,19,0,16,0,0,10
844,COVID-19,2020-05-01,Latvia,1066,24,745,208,9,397
845,COVID-19,2020-05-01,Lebanon,1220,27,712,495,3,562
846,COVID-19,2020-05-01,Lesotho,2,0,1,2,0,1
847,COVID-19,2020-05-01,Liberia,288,27,157,147,11,112
848,COVID-19,2020-05-01,Libya,156,5,52,95,2,34
849,COVID-19,2020-05-01,Liechtenstein,82,1,81,0,0,1
850,COVID-19,2020-05-01,Lithuania,1675,70,1236,290,25,647
851,COVID-19,2020-05-01,Luxembourg,4018,110,3833,234,20,620
852,COVID-19,2020-05-01,Madagascar,771,6,168,650,6,76
853,COVID-19,2020-05-01,Malawi,284,4,42,247,1,35
854,COVID-19,2020-05-01,Malaysia,7819,115,6353,1817,13,2182
855,COVID-19,2020-05-01,Maldives,1773,5,453,1305,4,436
856,COVID-19,2020-05-01,Mali,1265,77,716,775,51,581
857,COVID-19,2020-05-01,Malta,618,9,534,153,5,207
858,COVID-19,2020-05-01,Mauritania,530,23,27,522,22,21
859,COVID-19,2020-05-01,Mauritius,335,10,322,3,0,12
860,COVID-19,2020-05-01,Mexico,90664,9930,63772,71440,8071,52349
861,COVID-19,2020-05-01,Moldova,8251,295,4581,4354,179,3399
862,COVID-19,2020-05-01,Monaco,99,4,90,4,0,26
863,COVID-19,2020-05-01,Mongolia,179,0,44,141,0,34
864,COVID-19,2020-05-01,Montenegro,324,9,315,2,2,101
865,COVID-19,2020-05-01,Morocco,7807,205,5459,3384,35,4475
866,COVID-19,2020-05-01,Mozambique,254,2,0,178,2,0
867,COVID-19,2020-05-01,Namibia,24,0,14,8,0,6
868,COVID-19,2020-05-01,Nepal,1572,8,220,1516,8,204
869,COVID-19,2020-05-01,Netherlands,46639,5975,172,7132,1164,47
870,COVID-19,2020-05-01,New Zealand,1504,22,1481,26,3,229
871,COVID-19,2020-05-01,Nicaragua,759,35,370,745,32,363
872,COVID-19,2020-05-01,Niger,958,64,839,239,32,387
873,COVID-19,2020-05-01,Nigeria,10162,287,3007,8230,229,2688
874,COVID-19,2020-05-01,North Macedonia,2226,133,1552,761,56,814
875,COVID-19,2020-05-01,Norway,8440,236,7727,702,26,7695
876,COVID-19,2020-05-01,Oman,11437,49,2682,9089,38,2187
877,COVID-19,2020-05-01,Pakistan,72460,1543,26083,54346,1126,21368
878,COVID-19,2020-05-01,Panama,13463,336,9514,6931,148,8938
879,COVID-19,2020-05-01,Papua New Guinea,8,0,8,0,0,8
880,COVID-19,2020-05-01,Paraguay,986,11,477,720,1,364
881,COVID-19,2020-05-01,Peru,164476,4506,67208,127500,3455,56803
882,COVID-19,2020-05-01,Philippines,18086,957,3909,9598,389,2866
883,COVID-19,2020-05-01,Poland,23786,1064,11271,10909,420,8035
884,COVID-19,2020-05-01,Portugal,32500,1410,19409,7616,421,17890
885,COVID-19,2020-05-01,Qatar,56910,38,30290,43501,28,28918
886,COVID-19,2020-05-01,Romania,19257,1266,13256,7017,549,9239
887,COVID-19,2020-05-01,Russia,405843,4693,171883,299345,3620,160264
888,COVID-19,2020-05-01,Rwanda,370,1,256,127,1,152
889,COVID-19,2020-05-01,Saint Kitts and Nevis,15,0,15,0,0,9
890,COVID-19,2020-05-01,Saint Lucia,18,0,18,1,0,3
891,COVID-19,2020-05-01,Saint Vincent and the Grenadines,26,0,15,10,0,7
892,COVID-19,2020-05-01,San Marino,671,42,357,111,1,279
893,COVID-19,2020-05-01,Sao Tome and Principe,483,12,68,469,12,64
894,COVID-19,2020-05-01,Saudi Arabia,85261,503,62442,62508,341,59279
895,COVID-19,2020-05-01,Senegal,3645,42,1801,2712,33,1467
896,COVID-19,2020-05-01,Serbia,11412,243,6698,2403,64,5355
897,COVID-19,2020-05-01,Seychelles,11,0,11,0,0,5
898,COVID-19,2020-05-01,Sierra Leone,861,46,454,737,39,433
899,COVID-19,2020-05-01,Singapore,34884,23,21699,18715,8,20455
900,COVID-19,2020-05-01,Slovakia,1521,28,1366,125,5,842
901,COVID-19,2020-05-01,Slovenia,1473,108,1358,44,17,1125
902,COVID-19,2020-05-01,Somalia,1976,78,348,1375,50,317
903,COVID-19,2020-05-01,South Africa,32683,683,16809,27036,580,14736
904,COVID-19,2020-05-01,South Korea,11503,271,10422,729,23,1350
905,COVID-19,2020-05-01,South Sudan,994,10,6,959,10,6
906,COVID-19,2020-05-01,Spain,239479,27127,150376,26416,6420,38326
907,COVID-19,2020-05-01,Sri Lanka,1633,10,801,970,3,647
908,COVID-19,2020-05-01,Sudan,5026,286,1423,4584,255,1384
909,COVID-19,2020-05-01,Suriname,23,1,9,13,0,1
910,COVID-19,2020-05-01,Sweden,37542,4395,0,16450,1809,0
911,COVID-19,2020-05-01,Switzerland,30862,1920,28500,1276,183,5100
912,COVID-19,2020-05-01,Syria,122,5,0,79,2,0
913,COVID-19,2020-05-01,Taiwan*,442,7,423,13,1,101
914,COVID-19,2020-05-01,Tajikistan,3930,47,2004,3915,47,2346
915,COVID-19,2020-05-01,Tanzania,509,21,183,29,5,16
916,COVID-19,2020-05-01,Thailand,3081,57,2963,127,3,279
917,COVID-19,2020-05-01,Timor-Leste,24,0,0,0,0,0
918,COVID-19,2020-05-01,Togo,442,13,211,326,4,146
919,COVID-19,2020-05-01,Trinidad and Tobago,117,8,108,1,0,36
920,COVID-19,2020-05-01,Tunisia,1077,48,960,83,7,655
921,COVID-19,2020-05-01,Turkey,163942,4540,127973,43738,1366,79087
922,COVID-19,2020-05-01,US,1799124,105364,444758,726457,41108,295703
923,COVID-19,2020-05-01,Uganda,417,0,72,438,0,20
924,COVID-19,2020-05-01,Ukraine,23672,708,9538,13266,447,8300
925,COVID-19,2020-05-01,United Arab Emirates,34557,264,17932,22076,159,15503
926,COVID-19,2020-05-01,United Kingdom,257539,39092,1190,78768,12233,331
927,COVID-19,2020-05-01,Uruguay,823,22,685,180,5,268
928,COVID-19,2020-05-01,Uzbekistan,3623,15,2837,1584,6,1704
929,COVID-19,2020-05-01,Venezuela,1510,14,302,1177,10,160
930,COVID-19,2020-05-01,Vietnam,328,0,279,58,0,60
931,COVID-19,2020-05-01,West Bank and Gaza,448,3,372,104,1,296
932,COVID-19,2020-05-01,Western Sahara,9,1,6,3,1,1
933,COVID-19,2020-05-01,Yemen,323,80,14,317,78,15
934,COVID-19,2020-05-01,Zambia,1057,7,779,951,4,724
935,COVID-19,2020-05-01,Zimbabwe,178,4,29,144,0,24
936,COVID-19,2020-06-01,Afghanistan,31517,746,14131,16312,489,12803
937,COVID-19,2020-06-01,Albania,2535,62,1459,1398,29,587
938,COVID-19,2020-06-01,Algeria,13907,912,9897,4513,259,4149
939,COVID-19,2020-06-01,Andorra,855,52,799,91,1,105
940,COVID-19,2020-06-01,Angola,284,13,93,198,9,75
941,COVID-19,2020-06-01,Antigua and Barbuda,69,3,22,43,0,3
942,COVID-19,2020-06-01,Argentina,64530,1307,22028,47679,768,16692
943,COVID-19,2020-06-01,Armenia,25542,443,14048,16260,312,10662
944,COVID-19,2020-06-01,Australia,7920,104,7040,718,3,422
945,COVID-19,2020-06-01,Austria,17766,705,16478,1035,37,885
946,COVID-19,2020-06-01,Azerbaijan,17524,213,9715,12030,150,6287
947,COVID-19,2020-06-01,Bahamas,104,11,87,2,0,39
948,COVID-19,2020-06-01,Bahrain,26758,87,21331,15360,68,14658
949,COVID-19,2020-06-01,Bangladesh,145483,1847,59624,98330,1197,49843
950,COVID-19,2020-06-01,Barbados,97,7,90,5,0,14
951,COVID-19,2020-06-01,Belarus,62118,392,46054,19562,157,27540
952,COVID-19,2020-06-01,Belgium,61427,9747,16984,3046,280,1097
953,COVID-19,2020-06-01,Belize,24,2,18,6,0,2
954,COVID-19,2020-06-01,Benin,1199,21,333,967,18,190
955,COVID-19,2020-06-01,Bhutan,77,0,48,34,0,42
956,COVID-19,2020-06-01,Bolivia,33219,1123,9340,23237,810,8372
957,COVID-19,2020-06-01,Bosnia and Herzegovina,4453,186,2402,1943,33,540
958,COVID-19,2020-06-01,Botswana,227,1,28,192,0,8
959,COVID-19,2020-06-01,Brazil,1402041,59594,788318,887192,30280,581763
960,COVID-19,2020-06-01,Brunei,141,3,138,0,1,0
961,COVID-19,2020-06-01,Bulgaria,4989,230,2676,2476,90,1602
962,COVID-19,2020-06-01,Burkina Faso,962,53,838,115,0,118
963,COVID-19,2020-06-01,Burma,299,6,222,75,0,84
964,COVID-19,2020-06-01,Burundi,170,1,115,107,0,82
965,COVID-19,2020-06-01,Cabo Verde,1227,15,629,792,11,436
966,COVID-19,2020-06-01,Cambodia,141,0,130,16,0,7
967,COVID-19,2020-06-01,Cameroon,12592,313,10100,6688,122,6532
968,COVID-19,2020-06-01,Canada,106084,8649,0,13619,1276,0
969,COVID-19,2020-06-01,Central African Republic,3745,47,787,2734,45,764
970,COVID-19,2020-06-01,Chad,866,74,781,88,9,290
971,COVID-19,2020-06-01,Chile,279393,5688,241229,155843,4634,198502
972,COVID-19,2020-06-01,China,84785,4641,78044,640,3,231
973,COVID-19,2020-06-01,Colombia,97846,3334,40021,68463,2395,32989
974,COVID-19,2020-06-01,Comoros,303,7,200,197,5,174
975,COVID-19,2020-06-01,Congo (Brazzaville),1087,37,456,476,17,277
976,COVID-19,2020-06-01,Congo (Kinshasa),7039,170,1426,3969,98,978
977,COVID-19,2020-06-01,Costa Rica,3459,16,1436,2403,6,767
978,COVID-19,2020-06-01,Cote d'Ivoire,9499,68,4273,6666,35,3460
979,COVID-19,2020-06-01,Croatia,2777,107,2155,531,4,83
980,COVID-19,2020-06-01,Cuba,2341,86,2214,296,3,405
981,COVID-19,2020-06-01,Cyprus,998,19,833,54,2,43
982,COVID-19,2020-06-01,Czechia,11954,349,7771,2686,37,1213
983,COVID-19,2020-06-01,Denmark,12955,605,11836,1099,31,1287
984,COVID-19,2020-06-01,Djibouti,4682,54,4524,1328,30,3020
985,COVID-19,2020-06-01,Dominica,18,0,18,2,0,2
986,COVID-19,2020-06-01,Dominican Republic,32568,747,17580,15283,245,7021
987,COVID-19,2020-06-01,Ecuador,56432,4527,27594,17334,1169,8002
988,COVID-19,2020-06-01,Egypt,68311,2953,18460,43326,1994,12423
989,COVID-19,2020-06-01,El Salvador,6438,174,3770,3921,128,2730
990,COVID-19,2020-06-01,Equatorial Guinea,2001,32,515,695,20,315
991,COVID-19,2020-06-01,Eritrea,203,0,53,164,0,14
992,COVID-19,2020-06-01,Estonia,1989,69,1829,120,1,205
993,COVID-19,2020-06-01,Eswatini,812,11,408,527,9,219
994,COVID-19,2020-06-01,Ethiopia,5846,103,2430,4674,92,2221
995,COVID-19,2020-06-01,Fiji,18,0,18,0,0,3
996,COVID-19,2020-06-01,Finland,7214,328,6600,355,12,1100
997,COVID-19,2020-06-01,France,202063,29846,76399,14539,1041,7926
998,COVID-19,2020-06-01,Gabon,5394,42,2420,2739,25,1698
999,COVID-19,2020-06-01,Gambia,49,2,27,24,1,7
1000,COVID-19,2020-06-01,Georgia,928,15,794,145,3,189
1001,COVID-19,2020-06-01,Germany,195418,8990,178100,12008,450,12748
1002,COVID-19,2020-06-01,Ghana,17741,112,13268,9671,76,10321
1003,COVID-19,2020-06-01,Greece,3409,192,1374,492,17,0
1004,COVID-19,2020-06-01,Greenland,13,0,13,0,0,2
1005,COVID-19,2020-06-01,Grenada,23,0,23,0,0,5
1006,COVID-19,2020-06-01,Guatemala,18096,773,3194,13009,665,2459
1007,COVID-19,2020-06-01,Guinea,5391,33,4326,1685,10,2296
1008,COVID-19,2020-06-01,Guinea-Bissau,1654,24,317,398,16,275
1009,COVID-19,2020-06-01,Guyana,245,12,114,92,0,44
1010,COVID-19,2020-06-01,Haiti,5975,105,931,3851,61,907
1011,COVID-19,2020-06-01,Holy See,12,0,12,0,0,10
1012,COVID-19,2020-06-01,Honduras,19558,497,2060,14356,285,1523
1013,COVID-19,2020-06-01,Hungary,4155,585,2692,279,59,545
1014,COVID-19,2020-06-01,Iceland,1824,10,1800,18,0,36
1015,COVID-19,2020-06-01,India,585481,17400,347912,394872,11992,256060
1016,COVID-19,2020-06-01,Indonesia,56385,2876,24806,29912,1263,17498
1017,COVID-19,2020-06-01,Iran,227662,10817,188758,76196,3020,69910
1018,COVID-19,2020-06-01,Iraq,49109,1943,24760,42670,1738,21604
1019,COVID-19,2020-06-01,Ireland,25473,1736,23364,483,88,1275
1020,COVID-19,2020-06-01,Israel,25244,320,17341,8173,35,2529
1021,COVID-19,2020-06-01,Italy,240578,34767,190248,7729,1414,32741
1022,COVID-19,2020-06-01,Jamaica,702,10,553,116,1,242
1023,COVID-19,2020-06-01,Japan,18615,972,16458,1864,76,2116
1024,COVID-19,2020-06-01,Jordan,1132,9,882,393,0,360
1025,COVID-19,2020-06-01,Kazakhstan,22308,188,13558,11450,148,8154
1026,COVID-19,2020-06-01,Kenya,6366,148,2039,4404,84,1561
1027,COVID-19,2020-06-01,Kosovo,2878,51,1577,1814,21,748
1028,COVID-19,2020-06-01,Kuwait,46195,354,37030,19152,142,25644
1029,COVID-19,2020-06-01,Kyrgyzstan,5506,61,2443,3758,45,1273
1030,COVID-19,2020-06-01,Laos,19,0,19,0,0,3
1031,COVID-19,2020-06-01,Latvia,1118,30,974,52,6,229
1032,COVID-19,2020-06-01,Lebanon,1778,34,1183,558,7,471
1033,COVID-19,2020-06-01,Lesotho,27,0,4,25,0,3
1034,COVID-19,2020-06-01,Liberia,780,36,324,492,9,167
1035,COVID-19,2020-06-01,Libya,824,24,209,668,19,157
1036,COVID-19,2020-06-01,Liechtenstein,82,1,81,0,2,0
1037,COVID-19,2020-06-01,Lithuania,1817,78,1515,142,8,279
1038,COVID-19,2020-06-01,Luxembourg,4299,110,3998,281,0,165
1039,COVID-19,2020-06-01,Madagascar,2214,20,994,1443,14,826
1040,COVID-19,2020-06-01,Malawi,1224,14,260,940,10,218
1041,COVID-19,2020-06-01,Malaysia,8639,121,8354,820,6,2001
1042,COVID-19,2020-06-01,Maldives,2361,9,1944,588,4,1491
1043,COVID-19,2020-06-01,Mali,2181,116,1474,916,39,758
1044,COVID-19,2020-06-01,Malta,670,9,640,52,0,106
1045,COVID-19,2020-06-01,Mauritania,4363,129,1622,3833,106,1595
1046,COVID-19,2020-06-01,Mauritius,341,10,326,6,0,4
1047,COVID-19,2020-06-01,Mexico,226089,27769,174538,135425,17839,110766
1048,COVID-19,2020-06-01,Moldova,16613,545,9382,8362,250,4801
1049,COVID-19,2020-06-01,Monaco,103,4,95,4,0,5
1050,COVID-19,2020-06-01,Mongolia,220,0,176,41,0,132
1051,COVID-19,2020-06-01,Montenegro,548,12,315,224,3,0
1052,COVID-19,2020-06-01,Morocco,12533,228,8920,4726,23,3461
1053,COVID-19,2020-06-01,Mozambique,889,6,0,635,4,0
1054,COVID-19,2020-06-01,Namibia,205,0,24,181,0,10
1055,COVID-19,2020-06-01,Nepal,13564,29,3194,11992,21,2974
1056,COVID-19,2020-06-01,Netherlands,50476,6132,179,3837,157,7
1057,COVID-19,2020-06-01,New Zealand,1528,22,1484,24,0,3
1058,COVID-19,2020-06-01,Nicaragua,2519,83,1238,1760,48,868
1059,COVID-19,2020-06-01,Niger,1075,67,943,117,3,104
1060,COVID-19,2020-06-01,Nigeria,25694,590,9746,15532,303,6739
1061,COVID-19,2020-06-01,North Macedonia,6334,302,2475,4108,169,923
1062,COVID-19,2020-06-01,Norway,8879,250,8138,439,14,411
1063,COVID-19,2020-06-01,Oman,40070,176,23425,28633,127,20743
1064,COVID-19,2020-06-01,Pakistan,213470,4395,100802,141010,2852,74719
1065,COVID-19,2020-06-01,Panama,33550,631,15745,20087,295,6231
1066,COVID-19,2020-06-01,Papua New Guinea,11,0,8,3,0,0
1067,COVID-19,2020-06-01,Paraguay,2221,17,1089,1235,6,612
1068,COVID-19,2020-06-01,Peru,285213,9677,174535,120737,5171,110155
1069,COVID-19,2020-06-01,Philippines,37514,1266,10233,19428,309,6324
1070,COVID-19,2020-06-01,Poland,34393,1463,21281,10607,399,10010
1071,COVID-19,2020-06-01,Portugal,42141,1576,27505,9641,166,8096
1072,COVID-19,2020-06-01,Qatar,96088,113,81564,39178,75,51274
1073,COVID-19,2020-06-01,Romania,26970,1651,19050,7713,385,5794
1074,COVID-19,2020-06-01,Russia,646929,9306,411973,241086,4613,240090
1075,COVID-19,2020-06-01,Rwanda,1025,2,447,655,1,191
1076,COVID-19,2020-06-01,Saint Kitts and Nevis,15,0,15,0,0,0
1077,COVID-19,2020-06-01,Saint Lucia,19,0,19,1,0,1
1078,COVID-19,2020-06-01,Saint Vincent and the Grenadines,29,0,29,3,0,14
1079,COVID-19,2020-06-01,San Marino,698,42,656,27,0,299
1080,COVID-19,2020-06-01,Sao Tome and Principe,714,13,236,231,1,168
1081,COVID-19,2020-06-01,Saudi Arabia,190823,1649,130766,105562,1146,68324
1082,COVID-19,2020-06-01,Senegal,6793,112,4431,3148,70,2630
1083,COVID-19,2020-06-01,Serbia,14564,277,12662,3152,34,6282
1084,COVID-19,2020-06-01,Seychelles,81,0,11,70,0,0
1085,COVID-19,2020-06-01,Sierra Leone,1462,60,974,601,14,520
1086,COVID-19,2020-06-01,Singapore,43907,26,38500,9023,3,16801
1087,COVID-19,2020-06-01,Slovakia,1667,28,1464,146,0,98
1088,COVID-19,2020-06-01,Slovenia,1600,111,1384,127,3,26
1089,COVID-19,2020-06-01,Somalia,2924,90,910,948,12,562
1090,COVID-19,2020-06-01,South Africa,151209,2657,73543,118526,1974,56734
1091,COVID-19,2020-06-01,South Korea,12850,282,11613,1347,11,1191
1092,COVID-19,2020-06-01,South Sudan,2007,38,279,1013,28,273
1093,COVID-19,2020-06-01,Spain,249271,28355,150376,9792,1228,0
1094,COVID-19,2020-06-01,Sri Lanka,2047,11,1711,414,1,910
1095,COVID-19,2020-06-01,Sudan,9257,572,4014,4231,286,2591
1096,COVID-19,2020-06-01,Suriname,515,13,227,492,12,218
1097,COVID-19,2020-06-01,Sweden,68451,5333,0,30909,938,0
1098,COVID-19,2020-06-01,Switzerland,31714,1963,29200,852,43,700
1099,COVID-19,2020-06-01,Syria,279,9,0,157,4,0
1100,COVID-19,2020-06-01,Taiwan*,447,7,437,5,0,14
1101,COVID-19,2020-06-01,Tajikistan,5900,52,4506,1970,5,2502
1102,COVID-19,2020-06-01,Tanzania,509,21,183,0,0,0
1103,COVID-19,2020-06-01,Thailand,3171,58,3056,90,1,93
1104,COVID-19,2020-06-01,Timor-Leste,24,0,0,0,0,0
1105,COVID-19,2020-06-01,Togo,650,14,402,208,1,191
1106,COVID-19,2020-06-01,Trinidad and Tobago,130,8,113,13,0,5
1107,COVID-19,2020-06-01,Tunisia,1174,50,1031,97,2,71
1108,COVID-19,2020-06-01,Turkey,199906,5131,173111,35964,591,45138
1109,COVID-19,2020-06-01,US,2636414,127432,720631,837290,22068,275873
1110,COVID-19,2020-06-01,Uganda,889,0,819,472,0,747
1111,COVID-19,2020-06-01,Ukraine,45254,1173,19792,21582,465,10254
1112,COVID-19,2020-06-01,United Arab Emirates,48667,315,37566,14110,51,19634
1113,COVID-19,2020-06-01,United Kingdom,285216,43815,1370,27677,4723,204
1114,COVID-19,2020-06-01,Uruguay,936,27,824,113,5,141
1115,COVID-19,2020-06-01,Uzbekistan,8503,26,5682,4880,11,2845
1116,COVID-19,2020-06-01,Venezuela,5832,51,1649,4322,37,1347
1117,COVID-19,2020-06-01,Vietnam,355,0,335,27,0,56
1118,COVID-19,2020-06-01,West Bank and Gaza,2428,8,451,1980,5,79
1119,COVID-19,2020-06-01,Western Sahara,10,1,8,1,0,2
1120,COVID-19,2020-06-01,Yemen,1158,312,488,835,232,474
1121,COVID-19,2020-06-01,Zambia,1594,24,1329,537,17,550
1122,COVID-19,2020-06-01,Zimbabwe,591,7,162,413,3,133
1123,COVID-19,2020-07-01,Afghanistan,36263,1269,25198,4746,523,11067
1124,COVID-19,2020-07-01,Albania,4880,144,2745,2345,82,1286
1125,COVID-19,2020-07-01,Algeria,27973,1163,18837,14066,251,8940
1126,COVID-19,2020-07-01,Andorra,907,52,803,52,0,4
1127,COVID-19,2020-07-01,Angola,950,41,242,666,28,149
1128,COVID-19,2020-07-01,Antigua and Barbuda,86,3,65,18,0,43
1129,COVID-19,2020-07-01,Argentina,167416,3059,72575,102886,1752,50547
1130,COVID-19,2020-07-01,Armenia,37390,711,26665,11848,268,12617
1131,COVID-19,2020-07-01,Australia,15303,167,9311,7383,63,2283
1132,COVID-19,2020-07-01,Austria,20558,713,18246,2792,10,1768
1133,COVID-19,2020-07-01,Azerbaijan,30446,423,23242,12922,210,13527
1134,COVID-19,2020-07-01,Bahamas,382,11,91,278,0,4
1135,COVID-19,2020-07-01,Bahrain,39482,141,36110,12724,54,14779
1136,COVID-19,2020-07-01,Bangladesh,226225,2965,125683,80742,1118,66059
1137,COVID-19,2020-07-01,Barbados,110,7,94,13,0,4
1138,COVID-19,2020-07-01,Belarus,67251,538,60492,5133,146,14438
1139,COVID-19,2020-07-01,Belgium,66428,9822,17452,5001,75,468
1140,COVID-19,2020-07-01,Belize,48,2,26,24,0,8
1141,COVID-19,2020-07-01,Benin,1770,35,1036,571,14,703
1142,COVID-19,2020-07-01,Bhutan,99,0,86,22,0,38
1143,COVID-19,2020-07-01,Bolivia,71181,2647,21478,37962,1524,12138
1144,COVID-19,2020-07-01,Bosnia and Herzegovina,10498,294,4930,6045,108,2528
1145,COVID-19,2020-07-01,Botswana,739,2,63,512,1,35
1146,COVID-19,2020-07-01,Brazil,2442375,87618,1846641,1040334,28024,1058323
1147,COVID-19,2020-07-01,Brunei,141,3,138,0,0,0
1148,COVID-19,2020-07-01,Bulgaria,10621,347,5585,5632,117,2909
1149,COVID-19,2020-07-01,Burkina Faso,1100,53,926,138,0,88
1150,COVID-19,2020-07-01,Burma,350,6,292,51,0,70
1151,COVID-19,2020-07-01,Burundi,378,1,301,208,0,186
1152,COVID-19,2020-07-01,Cabo Verde,2328,22,1550,1101,7,921
1153,COVID-19,2020-07-01,Cambodia,226,0,147,85,0,17
1154,COVID-19,2020-07-01,Cameroon,17110,391,14539,4518,78,4439
1155,COVID-19,2020-07-01,Canada,116458,8944,0,10374,295,0
1156,COVID-19,2020-07-01,Central African Republic,4599,59,1546,854,12,759
1157,COVID-19,2020-07-01,Chad,922,75,810,56,1,29
1158,COVID-19,2020-07-01,Chile,347923,9187,319954,68530,3499,78725
1159,COVID-19,2020-07-01,China,86783,4656,78869,1998,15,825
1160,COVID-19,2020-07-01,Colombia,257101,8777,131161,159255,5443,91140
1161,COVID-19,2020-07-01,Comoros,354,7,328,51,0,128
1162,COVID-19,2020-07-01,Congo (Brazzaville),3200,54,829,2113,17,373
1163,COVID-19,2020-07-01,Congo (Kinshasa),8844,208,5700,1805,38,4274
1164,COVID-19,2020-07-01,Costa Rica,15841,115,3824,12382,99,2388
1165,COVID-19,2020-07-01,Cote d'Ivoire,15655,96,10361,6156,28,6088
1166,COVID-19,2020-07-01,Croatia,4881,139,3936,2104,32,1781
1167,COVID-19,2020-07-01,Cuba,2532,87,2351,191,1,137
1168,COVID-19,2020-07-01,Cyprus,1060,19,852,62,0,19
1169,COVID-19,2020-07-01,Czechia,15516,373,11428,3562,34,3657
1170,COVID-19,2020-07-01,Denmark,13761,613,12605,806,8,769
1171,COVID-19,2020-07-01,Djibouti,5059,58,4977,377,4,453
1172,COVID-19,2020-07-01,Dominica,18,0,18,0,0,0
1173,COVID-19,2020-07-01,Dominican Republic,64156,1083,30204,31588,336,12624
1174,COVID-19,2020-07-01,Ecuador,81161,5532,34896,24729,1005,7302
1175,COVID-19,2020-07-01,Egypt,92482,4652,34838,24171,1699,16378
1176,COVID-19,2020-07-01,El Salvador,15035,408,7778,8597,234,4008
1177,COVID-19,2020-07-01,Equatorial Guinea,3071,51,842,1070,19,327
1178,COVID-19,2020-07-01,Eritrea,265,0,191,62,0,138
1179,COVID-19,2020-07-01,Estonia,2034,69,1923,45,0,94
1180,COVID-19,2020-07-01,Eswatini,2316,34,1025,1504,23,617
1181,COVID-19,2020-07-01,Ethiopia,14547,228,6386,8701,125,3956
1182,COVID-19,2020-07-01,Fiji,27,0,18,9,0,0
1183,COVID-19,2020-07-01,Finland,7398,329,6920,192,3,320
1184,COVID-19,2020-07-01,France,220352,30212,81212,18289,390,4813
1185,COVID-19,2020-07-01,Gabon,7189,49,4682,1795,7,2262
1186,COVID-19,2020-07-01,Gambia,326,8,66,277,6,39
1187,COVID-19,2020-07-01,Georgia,1137,16,922,209,1,128
1188,COVID-19,2020-07-01,Germany,207112,9125,190314,11694,137,12214
1189,COVID-19,2020-07-01,Ghana,33624,168,29801,15883,56,16533
1190,COVID-19,2020-07-01,Greece,4227,202,1374,818,10,0
1191,COVID-19,2020-07-01,Greenland,14,0,13,1,0,0
1192,COVID-19,2020-07-01,Grenada,23,0,23,0,0,0
1193,COVID-19,2020-07-01,Guatemala,45309,1761,32455,27213,988,29261
1194,COVID-19,2020-07-01,Guinea,7055,45,6257,1664,12,1931
1195,COVID-19,2020-07-01,Guinea-Bissau,1954,26,803,300,2,486
1196,COVID-19,2020-07-01,Guyana,389,20,181,144,8,67
1197,COVID-19,2020-07-01,Haiti,7340,158,4365,1365,53,3434
1198,COVID-19,2020-07-01,Holy See,12,0,12,0,0,0
1199,COVID-19,2020-07-01,Honduras,39741,1166,5039,20183,669,2979
1200,COVID-19,2020-07-01,Hungary,4448,596,3329,293,11,637
1201,COVID-19,2020-07-01,Iceland,1854,10,1823,30,0,51
1202,COVID-19,2020-07-01,India,1480073,33408,951166,894592,16008,603254
1203,COVID-19,2020-07-01,Indonesia,100303,4838,58173,43918,1962,33367
1204,COVID-19,2020-07-01,Iran,293606,15912,255144,65944,5095,66386
1205,COVID-19,2020-07-01,Iraq,112585,4458,77144,63476,2515,52384
1206,COVID-19,2020-07-01,Ireland,25892,1764,23364,419,36,0
1207,COVID-19,2020-07-01,Israel,63985,474,27133,38741,154,9792
1208,COVID-19,2020-07-01,Italy,246286,35112,198593,5708,345,8345
1209,COVID-19,2020-07-01,Jamaica,853,10,714,151,0,161
1210,COVID-19,2020-07-01,Japan,31142,998,21970,12527,26,5512
1211,COVID-19,2020-07-01,Jordan,1176,11,1041,154,2,159
1212,COVID-19,2020-07-01,Kazakhstan,84648,585,54404,62340,397,46120
1213,COVID-19,2020-07-01,Kenya,17975,285,7833,11609,137,5794
1214,COVID-19,2020-07-01,Kosovo,7413,185,4027,4535,134,2450
1215,COVID-19,2020-07-01,Kuwait,64379,438,55057,18184,84,18027
1216,COVID-19,2020-07-01,Kyrgyzstan,33296,1301,21205,27790,1240,18762
1217,COVID-19,2020-07-01,Laos,20,0,19,1,0,0
1218,COVID-19,2020-07-01,Latvia,1219,31,1045,101,1,71
1219,COVID-19,2020-07-01,Lebanon,3882,51,1709,2104,17,526
1220,COVID-19,2020-07-01,Lesotho,505,12,128,478,12,124
1221,COVID-19,2020-07-01,Liberia,1167,72,646,387,36,322
1222,COVID-19,2020-07-01,Libya,2827,64,577,2003,40,368
1223,COVID-19,2020-07-01,Liechtenstein,86,1,81,4,0,4
1224,COVID-19,2020-07-01,Lithuania,2019,80,1620,202,2,121
1225,COVID-19,2020-07-01,Luxembourg,6321,112,4825,2022,2,827
1226,COVID-19,2020-07-01,Madagascar,9690,91,6260,7476,71,5266
1227,COVID-19,2020-07-01,Malawi,3664,99,1645,2440,85,1385
1228,COVID-19,2020-07-01,Malaysia,8904,124,8601,265,3,247
1229,COVID-19,2020-07-01,Maldives,3369,15,2547,1008,6,603
1230,COVID-19,2020-07-01,Mali,2513,124,1913,332,8,439
1231,COVID-19,2020-07-01,Malta,701,9,665,31,0,25
1232,COVID-19,2020-07-01,Mauritania,6208,156,4653,1845,27,3031
1233,COVID-19,2020-07-01,Mauritius,344,10,332,3,0,6
1234,COVID-19,2020-07-01,Mexico,395489,44022,303810,169400,16253,161868
1235,COVID-19,2020-07-01,Moldova,23154,748,16154,6541,203,6772
1236,COVID-19,2020-07-01,Monaco,116,4,104,13,0,9
1237,COVID-19,2020-07-01,Mongolia,289,0,222,69,0,46
1238,COVID-19,2020-07-01,Montenegro,2893,45,809,2345,33,494
1239,COVID-19,2020-07-01,Morocco,20887,316,16553,8354,88,7633
1240,COVID-19,2020-07-01,Mozambique,1701,11,0,812,5,0
1241,COVID-19,2020-07-01,Namibia,1843,8,101,1638,8,77
1242,COVID-19,2020-07-01,Nepal,18752,48,13754,5188,19,10560
1243,COVID-19,2020-07-01,Netherlands,53413,6160,189,2937,38,10
1244,COVID-19,2020-07-01,New Zealand,1557,22,1514,29,0,30
1245,COVID-19,2020-07-01,Nicaragua,3439,108,2492,920,25,1254
1246,COVID-19,2020-07-01,Niger,1132,69,1027,61,2,84
1247,COVID-19,2020-07-01,Nigeria,41180,860,18203,15486,270,8457
1248,COVID-19,2020-07-01,North Macedonia,10213,466,5564,3879,164,3089
1249,COVID-19,2020-07-01,Norway,9132,255,8752,253,5,614
1250,COVID-19,2020-07-01,Oman,77058,393,57028,36988,217,33603
1251,COVID-19,2020-07-01,Pakistan,274289,5842,241026,60819,1447,140224
1252,COVID-19,2020-07-01,Panama,61442,1322,35086,27892,691,19341
1253,COVID-19,2020-07-01,Papua New Guinea,62,0,11,51,2,3
1254,COVID-19,2020-07-01,Paraguay,4548,43,2905,2327,26,1816
1255,COVID-19,2020-07-01,Peru,389717,18418,272547,104504,8741,98012
1256,COVID-19,2020-07-01,Philippines,82040,1945,26446,44526,679,16213
1257,COVID-19,2020-07-01,Poland,43402,1676,32856,9009,213,11575
1258,COVID-19,2020-07-01,Portugal,50299,1719,35375,8158,143,7870
1259,COVID-19,2020-07-01,Qatar,109597,165,106328,13509,52,24764
1260,COVID-19,2020-07-01,Romania,45902,2206,25794,18932,555,6744
1261,COVID-19,2020-07-01,Russia,816680,13334,602249,169751,4028,190276
1262,COVID-19,2020-07-01,Rwanda,1879,5,975,854,3,528
1263,COVID-19,2020-07-01,Saint Kitts and Nevis,17,0,15,2,0,0
1264,COVID-19,2020-07-01,Saint Lucia,24,0,22,5,0,3
1265,COVID-19,2020-07-01,Saint Vincent and the Grenadines,52,0,39,23,0,10
1266,COVID-19,2020-07-01,San Marino,699,42,657,1,0,1
1267,COVID-19,2020-07-01,Sao Tome and Principe,865,14,734,151,1,498
1268,COVID-19,2020-07-01,Saudi Arabia,268934,2760,222936,78111,1111,92170
1269,COVID-19,2020-07-01,Senegal,9764,194,6477,2971,82,2046
1270,COVID-19,2020-07-01,Serbia,24141,543,0,9577,266,18466
1271,COVID-19,2020-07-01,Seychelles,114,0,39,33,0,28
1272,COVID-19,2020-07-01,Sierra Leone,1783,66,1317,321,6,343
1273,COVID-19,2020-07-01,Singapore,50838,27,45692,6931,1,7192
1274,COVID-19,2020-07-01,Slovakia,2181,28,1616,514,0,152
1275,COVID-19,2020-07-01,Slovenia,2087,116,1733,487,5,349
1276,COVID-19,2020-07-01,Somalia,3196,93,1543,272,3,633
1277,COVID-19,2020-07-01,South Africa,452529,7067,274925,301320,4410,201382
1278,COVID-19,2020-07-01,South Korea,14203,300,13007,1353,18,1394
1279,COVID-19,2020-07-01,South Sudan,2305,46,1175,298,8,896
1280,COVID-19,2020-07-01,Spain,272421,28432,150376,23150,77,0
1281,COVID-19,2020-07-01,Sri Lanka,2805,11,2121,758,0,410
1282,COVID-19,2020-07-01,Sudan,11424,720,5939,2167,148,1925
1283,COVID-19,2020-07-01,Suriname,1483,24,925,968,11,698
1284,COVID-19,2020-07-01,Sweden,79395,5700,0,10944,367,0
1285,COVID-19,2020-07-01,Switzerland,34477,1978,30900,2763,15,1700
1286,COVID-19,2020-07-01,Syria,674,40,0,395,31,0
1287,COVID-19,2020-07-01,Taiwan*,462,7,440,15,0,3
1288,COVID-19,2020-07-01,Tajikistan,7235,60,6028,1335,8,1522
1289,COVID-19,2020-07-01,Tanzania,509,21,183,0,0,0
1290,COVID-19,2020-07-01,Thailand,3297,58,3111,126,0,55
1291,COVID-19,2020-07-01,Timor-Leste,24,0,0,0,0,0
1292,COVID-19,2020-07-01,Togo,874,18,607,224,4,205
1293,COVID-19,2020-07-01,Trinidad and Tobago,148,8,128,18,0,15
1294,COVID-19,2020-07-01,Tunisia,1455,50,1157,281,0,126
1295,COVID-19,2020-07-01,Turkey,227019,5630,210469,27113,499,37358
1296,COVID-19,2020-07-01,US,4290259,148011,1325804,1653845,20579,605173
1297,COVID-19,2020-07-01,Uganda,1128,2,986,239,2,393
1298,COVID-19,2020-07-01,Ukraine,67096,1636,37202,21842,463,17410
1299,COVID-19,2020-07-01,United Arab Emirates,59177,345,52510,10510,30,14944
1300,COVID-19,2020-07-01,United Kingdom,301708,45844,1437,16492,2029,67
1301,COVID-19,2020-07-01,Uruguay,1202,35,951,266,8,127
1302,COVID-19,2020-07-01,Uzbekistan,21209,121,11674,12706,95,5992
1303,COVID-19,2020-07-01,Venezuela,15988,146,9959,10156,95,8310
1304,COVID-19,2020-07-01,Vietnam,431,0,365,76,0,30
1305,COVID-19,2020-07-01,West Bank and Gaza,10621,78,3752,8193,70,3301
1306,COVID-19,2020-07-01,Western Sahara,10,1,8,0,0,0
1307,COVID-19,2020-07-01,Yemen,1691,483,833,533,171,345
1308,COVID-19,2020-07-01,Zambia,4552,140,2815,2958,116,1486
1309,COVID-19,2020-07-01,Zimbabwe,2704,36,542,2113,29,380
