ID,Country/Region,Date,Confirmed,Deaths,Recovered,New cases,New deaths,New recovered
1,Afghanistan,2020-01-01,0,0,0,0,0,0
2,Afghanistan,2020-02-01,1,0,0,1,0,0
3,Afghanistan,2020-03-01,174,4,5,173,4,5
4,Afghanistan,2020-04-01,2171,64,260,1997,60,255
5,Afghanistan,2020-05-01,15205,257,1328,13034,193,1068
6,Afghanistan,2020-06-01,31517,746,14131,16312,489,12803
7,Afghanistan,2020-07-01,36263,1269,25198,4746,523,11067
8,Albania,2020-01-01,0,0,0,0,0,0
9,Albania,2020-02-01,0,0,0,0,0,0
10,Albania,2020-03-01,243,15,52,243,15,52
11,Albania,2020-04-01,773,31,470,530,16,418
12,Albania,2020-05-01,1137,33,872,364,2,402
13,Albania,2020-06-01,2535,62,1459,1398,29,587
14,Albania,2020-07-01,4880,144,2745,2345,82,1286
15,Algeria,2020-01-01,0,0,0,0,0,0
16,Algeria,2020-02-01,1,0,0,1,0,0
17,Algeria,2020-03-01,716,44,46,715,44,46
18,Algeria,2020-04-01,4006,450,1779,3290,406,1733
19,Algeria,2020-05-01,9394,653,5748,5388,203,3969
20,Algeria,2020-06-01,13907,912,9897,4513,259,4149
21,Algeria,2020-07-01,27973,1163,18837,14066,251,8940
22,Andorra,2020-01-01,0,0,0,0,0,0
23,Andorra,2020-02-01,0,0,0,0,0,0
24,Andorra,2020-03-01,376,12,10,376,12,10
25,Andorra,2020-04-01,745,42,468,369,30,458
26,Andorra,2020-05-01,764,51,694,19,9,226
27,Andorra,2020-06-01,855,52,799,91,1,105
28,Andorra,2020-07-01,907,52,803,52,0,4
29,Angola,2020-01-01,0,0,0,0,0,0
30,Angola,2020-02-01,0,0,0,0,0,0
31,Angola,2020-03-01,7,2,1,7,2,1
32,Angola,2020-04-01,27,2,7,20,0,6
33,Angola,2020-05-01,86,4,18,59,2,11
34,Angola,2020-06-01,284,13,93,198,9,75
35,Angola,2020-07-01,950,41,242,666,28,149
36,Antigua and Barbuda,2020-01-01,0,0,0,0,0,0
37,Antigua and Barbuda,2020-02-01,0,0,0,0,0,0
38,Antigua and Barbuda,2020-03-01,7,0,0,7,0,0
39,Antigua and Barbuda,2020-04-01,24,3,11,17,3,11
40,Antigua and Barbuda,2020-05-01,26,3,19,2,0,8
41,Antigua and Barbuda,2020-06-01,69,3,22,43,0,3
42,Antigua and Barbuda,2020-07-01,86,3,65,18,0,43
43,Argentina,2020-01-01,0,0,0,0,0,0
44,Argentina,2020-02-01,0,0,0,0,0,0
45,Argentina,2020-03-01,1054,27,240,1054,27,240
46,Argentina,2020-04-01,4428,218,1256,3374,191,1016
47,Argentina,2020-05-01,16851,539,5336,12423,321,4080
48,Argentina,2020-06-01,64530,1307,22028,47679,768,16692
49,Argentina,2020-07-01,167416,3059,72575,102886,1752,50547
50,Armenia,2020-01-01,0,0,0,0,0,0
51,Armenia,2020-02-01,0,0,0,0,0,0
52,Armenia,2020-03-01,532,3,30,532,3,30
53,Armenia,2020-04-01,2066,32,929,1534,29,899
54,Armenia,2020-05-01,9282,131,3386,7216,99,2457
55,Armenia,2020-06-01,25542,443,14048,16260,312,10662
56,Armenia,2020-07-01,37390,711,26665,11848,268,12617
57,Australia,2020-01-01,9,0,2,9,0,2
58,Australia,2020-02-01,25,0,11,16,0,9
59,Australia,2020-03-01,4559,18,358,4534,18,347
60,Australia,2020-04-01,6766,93,5742,2207,75,5384
61,Australia,2020-05-01,7202,103,6618,436,10,876
62,Australia,2020-06-01,7920,104,7040,718,1,422
63,Australia,2020-07-01,15303,167,9311,7383,63,2271
64,Austria,2020-01-01,0,0,0,0,0,0
65,Austria,2020-02-01,9,0,0,9,0,0
66,Austria,2020-03-01,10180,128,1095,10171,128,1095
67,Austria,2020-04-01,15452,584,12907,5272,456,11812
68,Austria,2020-05-01,16731,668,15593,1279,84,2686
69,Austria,2020-06-01,17766,705,16478,1035,37,885
70,Austria,2020-07-01,20558,713,18246,2792,8,1768
71,Azerbaijan,2020-01-01,0,0,0,0,0,0
72,Azerbaijan,2020-02-01,0,0,0,0,0,0
73,Azerbaijan,2020-03-01,298,5,26,298,5,26
74,Azerbaijan,2020-04-01,1804,24,1325,1506,19,1299
75,Azerbaijan,2020-05-01,5494,63,3428,3690,39,2103
76,Azerbaijan,2020-06-01,17524,213,9715,12030,150,6287
77,Azerbaijan,2020-07-01,30446,423,23242,12922,210,13527
78,Bahamas,2020-01-01,0,0,0,0,0,0
79,Bahamas,2020-02-01,0,0,0,0,0,0
80,Bahamas,2020-03-01,14,0,1,14,0,1
81,Bahamas,2020-04-01,81,11,25,67,11,24
82,Bahamas,2020-05-01,102,11,48,21,0,23
83,Bahamas,2020-06-01,104,11,87,2,0,39
84,Bahamas,2020-07-01,382,11,91,278,0,4
85,Bahrain,2020-01-01,0,0,0,0,0,0
86,Bahrain,2020-02-01,41,0,0,41,0,0
87,Bahrain,2020-03-01,567,4,295,526,4,295
88,Bahrain,2020-04-01,3040,8,1500,2473,4,1205
89,Bahrain,2020-05-01,11398,19,6673,8358,11,5173
90,Bahrain,2020-06-01,26758,87,21331,15360,68,14658
91,Bahrain,2020-07-01,39482,141,36110,12724,54,14779
92,Bangladesh,2020-01-01,0,0,0,0,0,0
93,Bangladesh,2020-02-01,0,0,0,0,0,0
94,Bangladesh,2020-03-01,51,5,25,51,5,25
95,Bangladesh,2020-04-01,7667,168,160,7616,163,135
96,Bangladesh,2020-05-01,47153,650,9781,39486,482,9621
97,Bangladesh,2020-06-01,145483,1847,59624,98330,1197,49843
98,Bangladesh,2020-07-01,226225,2965,125683,80742,1118,66059
99,Barbados,2020-01-01,0,0,0,0,0,0
100,Barbados,2020-02-01,0,0,0,0,0,0
101,Barbados,2020-03-01,34,0,0,34,0,0
102,Barbados,2020-04-01,81,7,39,47,7,39
103,Barbados,2020-05-01,92,7,76,11,0,37
104,Barbados,2020-06-01,97,7,90,5,0,14
105,Barbados,2020-07-01,110,7,94,13,0,4
106,Belarus,2020-01-01,0,0,0,0,0,0
107,Belarus,2020-02-01,1,0,0,1,0,0
108,Belarus,2020-03-01,152,1,47,151,1,47
109,Belarus,2020-04-01,14027,89,2386,13875,88,2339
110,Belarus,2020-05-01,42556,235,18514,28529,146,16128
111,Belarus,2020-06-01,62118,392,46054,19562,157,27540
112,Belarus,2020-07-01,67251,538,60492,5133,146,14438
113,Belgium,2020-01-01,0,0,0,0,0,0
114,Belgium,2020-02-01,1,0,1,1,0,1
115,Belgium,2020-03-01,12775,705,1696,12774,705,1695
116,Belgium,2020-04-01,48519,7594,11576,35744,6889,9880
117,Belgium,2020-05-01,58381,9467,15887,9862,1873,4311
118,Belgium,2020-06-01,61427,9747,16984,3046,280,1097
119,Belgium,2020-07-01,66428,9822,17452,5001,75,468
120,Belize,2020-01-01,0,0,0,0,0,0
121,Belize,2020-02-01,0,0,0,0,0,0
122,Belize,2020-03-01,3,0,0,3,0,0
123,Belize,2020-04-01,18,2,9,15,2,9
124,Belize,2020-05-01,18,2,16,0,0,7
125,Belize,2020-06-01,24,2,18,6,0,2
126,Belize,2020-07-01,48,2,26,24,0,8
127,Benin,2020-01-01,0,0,0,0,0,0
128,Benin,2020-02-01,0,0,0,0,0,0
129,Benin,2020-03-01,9,0,1,9,0,1
130,Benin,2020-04-01,64,1,33,55,1,32
131,Benin,2020-05-01,232,3,143,377,2,110
132,Benin,2020-06-01,1199,21,333,967,18,190
133,Benin,2020-07-01,1770,35,1036,571,14,703
134,Bhutan,2020-01-01,0,0,0,0,0,0
135,Bhutan,2020-02-01,0,0,0,0,0,0
136,Bhutan,2020-03-01,4,0,0,4,0,0
137,Bhutan,2020-04-01,7,0,5,3,0,5
138,Bhutan,2020-05-01,43,0,6,36,0,1
139,Bhutan,2020-06-01,77,0,48,34,0,42
140,Bhutan,2020-07-01,99,0,86,22,0,38
141,Bolivia,2020-01-01,0,0,0,0,0,0
142,Bolivia,2020-02-01,0,0,0,0,0,0
143,Bolivia,2020-03-01,107,6,0,107,6,0
144,Bolivia,2020-04-01,1167,62,132,1060,56,132
145,Bolivia,2020-05-01,9982,313,968,8815,251,836
146,Bolivia,2020-06-01,33219,1123,9340,23237,810,8372
147,Bolivia,2020-07-01,71181,2647,21478,37962,1524,12138
148,Bosnia and Herzegovina,2020-01-01,0,0,0,0,0,0
149,Bosnia and Herzegovina,2020-02-01,0,0,0,0,0,0
150,Bosnia and Herzegovina,2020-03-01,420,13,17,420,13,17
151,Bosnia and Herzegovina,2020-04-01,1757,69,727,1337,56,710
152,Bosnia and Herzegovina,2020-05-01,2510,153,1862,753,84,1135
153,Bosnia and Herzegovina,2020-06-01,4453,186,2402,1943,33,540
154,Bosnia and Herzegovina,2020-07-01,10498,294,4930,6045,108,2528
155,Botswana,2020-01-01,0,0,0,0,0,0
156,Botswana,2020-02-01,0,0,0,0,0,0
157,Botswana,2020-03-01,4,1,0,4,1,0
158,Botswana,2020-04-01,23,1,5,19,0,5
159,Botswana,2020-05-01,35,1,20,12,0,15
160,Botswana,2020-06-01,227,1,28,192,0,8
161,Botswana,2020-07-01,739,2,63,512,1,35
162,Brazil,2020-01-01,0,0,0,0,0,0
163,Brazil,2020-02-01,2,0,0,2,0,0
164,Brazil,2020-03-01,5717,201,127,5715,201,127
165,Brazil,2020-04-01,87187,6006,35935,81470,5805,35808
166,Brazil,2020-05-01,514849,29314,206555,427662,23308,170620
167,Brazil,2020-06-01,1402041,59594,788318,887192,30280,581763
168,Brazil,2020-07-01,2442375,87618,1846641,1040334,28024,1058323
169,Brunei,2020-01-01,0,0,0,0,0,0
170,Brunei,2020-02-01,0,0,0,0,0,0
171,Brunei,2020-03-01,129,1,45,129,1,45
172,Brunei,2020-04-01,138,1,124,9,0,79
173,Brunei,2020-05-01,141,2,138,3,1,14
174,Brunei,2020-06-01,141,3,138,0,1,0
175,Brunei,2020-07-01,141,3,138,0,0,0
176,Bulgaria,2020-01-01,0,0,0,0,0,0
177,Bulgaria,2020-02-01,0,0,0,0,0,0
178,Bulgaria,2020-03-01,399,8,17,399,8,17
179,Bulgaria,2020-04-01,1506,66,266,1107,58,249
180,Bulgaria,2020-05-01,2513,140,1074,1007,74,808
181,Bulgaria,2020-06-01,4989,230,2676,2476,90,1602
182,Bulgaria,2020-07-01,10621,347,5585,5632,117,2909
183,Burkina Faso,2020-01-01,0,0,0,0,0,0
184,Burkina Faso,2020-02-01,0,0,0,0,0,0
185,Burkina Faso,2020-03-01,261,14,32,261,14,32
186,Burkina Faso,2020-04-01,645,43,506,384,29,474
187,Burkina Faso,2020-05-01,847,53,720,202,10,214
188,Burkina Faso,2020-06-01,962,53,838,115,0,118
189,Burkina Faso,2020-07-01,1100,53,926,138,0,88
190,Burma,2020-01-01,0,0,0,0,0,0
191,Burma,2020-02-01,0,0,0,0,0,0
192,Burma,2020-03-01,15,1,0,15,1,0
193,Burma,2020-04-01,151,6,27,136,5,27
194,Burma,2020-05-01,224,6,138,73,0,111
195,Burma,2020-06-01,299,6,222,75,0,84
196,Burma,2020-07-01,350,6,292,51,0,70
197,Burundi,2020-01-01,0,0,0,0,0,0
198,Burundi,2020-02-01,0,0,0,0,0,0
199,Burundi,2020-03-01,2,0,0,2,0,0
200,Burundi,2020-04-01,11,1,4,9,1,4
201,Burundi,2020-05-01,63,1,33,52,0,29
202,Burundi,2020-06-01,170,1,115,107,0,82
203,Burundi,2020-07-01,378,1,301,208,0,186
204,Cabo Verde,2020-01-01,0,0,0,0,0,0
205,Cabo Verde,2020-02-01,0,0,0,0,0,0
206,Cabo Verde,2020-03-01,6,1,0,6,1,0
207,Cabo Verde,2020-04-01,121,1,4,115,0,4
208,Cabo Verde,2020-05-01,435,4,193,314,3,189
209,Cabo Verde,2020-06-01,1227,15,629,792,11,436
210,Cabo Verde,2020-07-01,2328,22,1550,1101,7,921
211,Cambodia,2020-01-01,1,0,0,1,0,0
212,Cambodia,2020-02-01,1,0,1,0,0,1
213,Cambodia,2020-03-01,109,0,23,108,0,22
214,Cambodia,2020-04-01,122,0,119,13,0,96
215,Cambodia,2020-05-01,125,0,123,3,0,4
216,Cambodia,2020-06-01,141,0,130,16,0,7
217,Cambodia,2020-07-01,226,0,147,85,0,17
218,Cameroon,2020-01-01,0,0,0,0,0,0
219,Cameroon,2020-02-01,0,0,0,0,0,0
220,Cameroon,2020-03-01,193,6,5,193,6,5
221,Cameroon,2020-04-01,1832,61,934,1639,55,929
222,Cameroon,2020-05-01,5904,191,3568,4072,130,2634
223,Cameroon,2020-06-01,12592,313,10100,6688,122,6532
224,Cameroon,2020-07-01,17110,391,14539,4518,78,4439
225,Canada,2020-01-01,4,0,0,4,0,0
226,Canada,2020-02-01,20,0,0,16,0,0
227,Canada,2020-03-01,8514,100,0,8494,100,0
228,Canada,2020-04-01,54444,3309,0,45930,3209,0
229,Canada,2020-05-01,92465,7373,0,38021,4064,0
230,Canada,2020-06-01,106084,8649,0,13619,1276,0
231,Canada,2020-07-01,116458,8944,0,10374,295,0
232,Central African Republic,2020-01-01,0,0,0,0,0,0
233,Central African Republic,2020-02-01,0,0,0,0,0,0
234,Central African Republic,2020-03-01,3,0,0,3,0,0
235,Central African Republic,2020-04-01,50,0,10,47,0,10
236,Central African Republic,2020-05-01,1011,2,23,961,2,13
237,Central African Republic,2020-06-01,3745,47,787,2734,45,764
238,Central African Republic,2020-07-01,4599,59,1546,854,12,759
239,Chad,2020-01-01,0,0,0,0,0,0
240,Chad,2020-02-01,0,0,0,0,0,0
241,Chad,2020-03-01,7,0,0,7,0,0
242,Chad,2020-04-01,73,5,33,66,5,33
243,Chad,2020-05-01,778,65,491,705,60,458
244,Chad,2020-06-01,866,74,781,88,9,290
245,Chad,2020-07-01,922,75,810,56,1,29
246,Chile,2020-01-01,0,0,0,0,0,0
247,Chile,2020-02-01,2,0,0,2,0,0
248,Chile,2020-03-01,2844,12,156,2842,12,156
249,Chile,2020-04-01,17702,227,8580,14858,215,8424
250,Chile,2020-05-01,123550,1054,42727,105848,827,34147
251,Chile,2020-06-01,279393,5688,241229,155843,4634,198502
252,Chile,2020-07-01,347923,9187,319954,68530,3499,78725
253,China,2020-01-01,9802,213,211,9254,196,183
254,China,2020-02-01,79356,2837,37868,69554,2624,37657
255,China,2020-03-01,82279,3309,74645,2923,472,36777
256,China,2020-04-01,83956,4637,76951,1677,1328,2306
257,China,2020-05-01,84146,4638,77813,190,1,862
258,China,2020-06-01,84785,4641,78044,640,3,231
259,China,2020-07-01,86783,4656,78869,1998,15,825
260,Colombia,2020-01-01,0,0,0,0,0,0
261,Colombia,2020-02-01,0,0,0,0,0,0
262,Colombia,2020-03-01,906,16,31,906,16,31
263,Colombia,2020-04-01,6507,293,1439,5601,277,1408
264,Colombia,2020-05-01,29383,939,7032,22876,646,5593
265,Colombia,2020-06-01,97846,3334,40021,68463,2395,32989
266,Colombia,2020-07-01,257101,8777,131161,159255,5443,91140
267,Comoros,2020-01-01,0,0,0,0,0,0
268,Comoros,2020-02-01,0,0,0,0,0,0
269,Comoros,2020-03-01,0,0,0,0,0,0
270,Comoros,2020-04-01,1,0,0,1,0,0
271,Comoros,2020-05-01,106,2,26,105,2,26
272,Comoros,2020-06-01,303,7,200,197,5,174
273,Comoros,2020-07-01,354,7,328,51,0,128
274,Congo (Brazzaville),2020-01-01,0,0,0,0,0,0
275,Congo (Brazzaville),2020-02-01,0,0,0,0,0,0
276,Congo (Brazzaville),2020-03-01,19,0,0,19,0,0
277,Congo (Brazzaville),2020-04-01,220,9,19,201,9,19
278,Congo (Brazzaville),2020-05-01,611,20,179,391,11,160
279,Congo (Brazzaville),2020-06-01,1087,37,456,476,17,277
280,Congo (Brazzaville),2020-07-01,3200,54,829,2113,17,373
281,Congo (Kinshasa),2020-01-01,0,0,0,0,0,0
282,Congo (Kinshasa),2020-02-01,0,0,0,0,0,0
283,Congo (Kinshasa),2020-03-01,98,8,2,98,8,2
284,Congo (Kinshasa),2020-04-01,572,31,73,474,23,71
285,Congo (Kinshasa),2020-05-01,3070,72,448,2498,41,375
286,Congo (Kinshasa),2020-06-01,7039,170,1426,3969,98,978
287,Congo (Kinshasa),2020-07-01,8844,208,5700,1805,38,4274
288,Costa Rica,2020-01-01,0,0,0,0,0,0
289,Costa Rica,2020-02-01,0,0,0,0,0,0
290,Costa Rica,2020-03-01,347,2,4,347,2,4
291,Costa Rica,2020-04-01,719,6,338,372,4,334
292,Costa Rica,2020-05-01,1056,10,669,337,4,331
293,Costa Rica,2020-06-01,3459,16,1436,2403,6,767
294,Costa Rica,2020-07-01,15841,115,3824,12382,99,2388
295,Cote d'Ivoire,2020-01-01,0,0,0,0,0,0
296,Cote d'Ivoire,2020-02-01,0,0,0,0,0,0
297,Cote d'Ivoire,2020-03-01,179,1,7,179,1,7
298,Cote d'Ivoire,2020-04-01,1275,14,574,1096,13,567
299,Cote d'Ivoire,2020-05-01,2833,33,1435,1558,19,861
300,Cote d'Ivoire,2020-06-01,9499,68,4273,6666,35,2838
301,Cote d'Ivoire,2020-07-01,15655,96,10361,6156,28,6088
302,Croatia,2020-01-01,0,0,0,0,0,0
303,Croatia,2020-02-01,6,0,0,6,0,0
304,Croatia,2020-03-01,867,6,67,861,6,67
305,Croatia,2020-04-01,2076,69,1348,1209,63,1281
306,Croatia,2020-05-01,2246,103,2072,170,34,724
307,Croatia,2020-06-01,2777,107,2155,531,4,83
308,Croatia,2020-07-01,4881,139,3936,2104,32,1781
309,Cuba,2020-01-01,0,0,0,0,0,0
310,Cuba,2020-02-01,0,0,0,0,0,0
311,Cuba,2020-03-01,186,6,8,186,6,8
312,Cuba,2020-04-01,1501,61,681,1315,55,673
313,Cuba,2020-05-01,2045,83,1809,544,22,1128
314,Cuba,2020-06-01,2341,86,2214,296,3,405
315,Cuba,2020-07-01,2532,87,2351,191,1,137
316,Cyprus,2020-01-01,0,0,0,0,0,0
317,Cyprus,2020-02-01,0,0,0,0,0,0
318,Cyprus,2020-03-01,262,8,23,262,8,23
319,Cyprus,2020-04-01,850,15,296,588,7,273
320,Cyprus,2020-05-01,944,17,790,94,2,494
321,Cyprus,2020-06-01,998,19,833,54,2,43
322,Cyprus,2020-07-01,1060,19,852,62,0,19
323,Czechia,2020-01-01,0,0,0,0,0,0
324,Czechia,2020-02-01,0,0,0,0,0,0
325,Czechia,2020-03-01,3308,31,45,3308,31,45
326,Czechia,2020-04-01,7682,236,3314,4374,205,3269
327,Czechia,2020-05-01,9268,320,6558,1586,84,3244
328,Czechia,2020-06-01,11954,349,7771,2686,29,1213
329,Czechia,2020-07-01,15516,373,11428,3562,24,3657
330,Denmark,2020-01-01,0,0,0,0,0,0
331,Denmark,2020-02-01,3,0,0,3,0,0
332,Denmark,2020-03-01,3029,90,75,3026,90,75
333,Denmark,2020-04-01,9345,452,6730,6316,362,6655
334,Denmark,2020-05-01,11856,574,10549,2511,122,3819
335,Denmark,2020-06-01,12955,605,11836,1099,31,1287
336,Denmark,2020-07-01,13761,613,12605,806,8,769
337,Djibouti,2020-01-01,0,0,0,0,0,0
338,Djibouti,2020-02-01,0,0,0,0,0,0
339,Djibouti,2020-03-01,30,0,0,30,0,0
340,Djibouti,2020-04-01,1089,2,642,1059,2,642
341,Djibouti,2020-05-01,3354,24,1504,2265,22,862
342,Djibouti,2020-06-01,4682,54,4524,1328,30,3020
343,Djibouti,2020-07-01,5059,58,4977,377,4,453
344,Dominica,2020-01-01,0,0,0,0,0,0
345,Dominica,2020-02-01,0,0,0,0,0,0
346,Dominica,2020-03-01,12,0,0,12,0,0
347,Dominica,2020-04-01,16,0,13,4,0,13
348,Dominica,2020-05-01,16,0,16,0,0,3
349,Dominica,2020-06-01,18,0,18,2,0,2
350,Dominica,2020-07-01,18,0,18,0,0,0
351,Dominican Republic,2020-01-01,0,0,0,0,0,0
352,Dominican Republic,2020-02-01,0,0,0,0,0,0
353,Dominican Republic,2020-03-01,1109,51,5,1109,51,5
354,Dominican Republic,2020-04-01,6972,301,1301,5863,250,1296
355,Dominican Republic,2020-05-01,17285,502,10559,10313,201,9258
356,Dominican Republic,2020-06-01,32568,747,17580,15283,245,7021
357,Dominican Republic,2020-07-01,64156,1083,30204,31588,336,12624
358,Ecuador,2020-01-01,0,0,0,0,0,0
359,Ecuador,2020-02-01,0,0,0,0,0,0
360,Ecuador,2020-03-01,2240,75,54,2240,75,54
361,Ecuador,2020-04-01,24934,900,1558,22694,825,1504
362,Ecuador,2020-05-01,39098,3358,19592,17277,2458,18034
363,Ecuador,2020-06-01,56432,4527,27594,17334,1169,8002
364,Ecuador,2020-07-01,81161,5532,34896,24729,1005,7302
365,Egypt,2020-01-01,0,0,0,0,0,0
366,Egypt,2020-02-01,1,0,1,1,0,1
367,Egypt,2020-03-01,710,46,157,709,46,156
368,Egypt,2020-04-01,5537,392,1381,4827,346,1224
369,Egypt,2020-05-01,24985,959,6037,19448,567,4656
370,Egypt,2020-06-01,68311,2953,18460,43326,1994,12423
371,Egypt,2020-07-01,92482,4652,34838,24171,1699,16378
372,El Salvador,2020-01-01,0,0,0,0,0,0
373,El Salvador,2020-02-01,0,0,0,0,0,0
374,El Salvador,2020-03-01,32,1,0,32,1,0
375,El Salvador,2020-04-01,395,10,119,363,9,119
376,El Salvador,2020-05-01,2517,46,1040,2122,36,921
377,El Salvador,2020-06-01,6438,174,3770,3921,128,2730
378,El Salvador,2020-07-01,15035,408,7778,8597,234,4008
379,Equatorial Guinea,2020-01-01,0,0,0,0,0,0
380,Equatorial Guinea,2020-02-01,0,0,0,0,0,0
381,Equatorial Guinea,2020-03-01,12,0,1,12,0,1
382,Equatorial Guinea,2020-04-01,315,1,9,303,1,8
383,Equatorial Guinea,2020-05-01,1306,12,200,991,11,191
384,Equatorial Guinea,2020-06-01,2001,32,515,695,20,315
385,Equatorial Guinea,2020-07-01,3071,51,842,1070,19,327
386,Eritrea,2020-01-01,0,0,0,0,0,0
387,Eritrea,2020-02-01,0,0,0,0,0,0
388,Eritrea,2020-03-01,15,0,0,15,0,0
389,Eritrea,2020-04-01,39,0,26,24,0,26
390,Eritrea,2020-05-01,39,0,39,0,0,13
391,Eritrea,2020-06-01,203,0,53,164,0,14
392,Eritrea,2020-07-01,265,0,191,62,0,138
393,Estonia,2020-01-01,0,0,0,0,0,0
394,Estonia,2020-02-01,1,0,0,1,0,0
395,Estonia,2020-03-01,745,4,26,744,4,26
396,Estonia,2020-04-01,1689,52,249,944,48,223
397,Estonia,2020-05-01,1869,68,1624,180,16,1375
398,Estonia,2020-06-01,1989,69,1829,120,1,205
399,Estonia,2020-07-01,2034,69,1923,45,0,94
400,Eswatini,2020-01-01,0,0,0,0,0,0
401,Eswatini,2020-02-01,0,0,0,0,0,0
402,Eswatini,2020-03-01,9,0,0,9,0,0
403,Eswatini,2020-04-01,100,1,12,91,1,12
404,Eswatini,2020-05-01,285,2,189,185,1,177
405,Eswatini,2020-06-01,812,11,408,527,9,219
406,Eswatini,2020-07-01,2316,34,1025,1504,23,617
407,Ethiopia,2020-01-01,0,0,0,0,0,0
408,Ethiopia,2020-02-01,0,0,0,0,0,0
409,Ethiopia,2020-03-01,26,0,2,26,0,2
410,Ethiopia,2020-04-01,131,3,59,105,3,57
411,Ethiopia,2020-05-01,1172,11,209,1041,8,150
412,Ethiopia,2020-06-01,5846,103,2430,4674,92,2221
413,Ethiopia,2020-07-01,14547,228,6386,8701,125,3956
414,Fiji,2020-01-01,0,0,0,0,0,0
415,Fiji,2020-02-01,0,0,0,0,0,0
416,Fiji,2020-03-01,5,0,0,5,0,0
417,Fiji,2020-04-01,18,0,12,13,0,12
418,Fiji,2020-05-01,18,0,15,0,0,3
419,Fiji,2020-06-01,18,0,18,0,0,3
420,Fiji,2020-07-01,27,0,18,9,0,0
421,Finland,2020-01-01,1,0,0,1,0,0
422,Finland,2020-02-01,3,0,1,2,0,1
423,Finland,2020-03-01,1418,17,10,1415,17,9
424,Finland,2020-04-01,4995,211,3000,3577,194,2990
425,Finland,2020-05-01,6859,320,5500,1864,109,2500
426,Finland,2020-06-01,7214,328,6600,355,8,1100
427,Finland,2020-07-01,7398,329,6920,192,1,320
428,France,2020-01-01,5,0,0,5,0,0
429,France,2020-02-01,100,2,12,95,2,12
430,France,2020-03-01,52827,3532,9513,52727,3530,9501
431,France,2020-04-01,167299,24379,49476,119170,20847,39963
432,France,2020-05-01,189009,28805,68473,22095,4426,18997
433,France,2020-06-01,202063,29846,76399,14539,1041,7926
434,France,2020-07-01,220352,30212,81212,18289,366,4813
435,Gabon,2020-01-01,0,0,0,0,0,0
436,Gabon,2020-02-01,0,0,0,0,0,0
437,Gabon,2020-03-01,16,1,0,16,1,0
438,Gabon,2020-04-01,276,3,67,260,2,67
439,Gabon,2020-05-01,2655,17,722,2379,14,655
440,Gabon,2020-06-01,5394,42,2420,2739,25,1698
441,Gabon,2020-07-01,7189,49,4682,1795,7,2262
442,Gambia,2020-01-01,0,0,0,0,0,0
443,Gambia,2020-02-01,0,0,0,0,0,0
444,Gambia,2020-03-01,4,1,0,4,1,0
445,Gambia,2020-04-01,11,1,8,7,0,8
446,Gambia,2020-05-01,25,1,20,14,0,12
447,Gambia,2020-06-01,49,2,27,24,1,7
448,Gambia,2020-07-01,326,8,66,277,6,39
449,Georgia,2020-01-01,0,0,0,0,0,0
450,Georgia,2020-02-01,1,0,0,1,0,0
451,Georgia,2020-03-01,110,0,21,109,0,21
452,Georgia,2020-04-01,539,6,184,429,6,163
453,Georgia,2020-05-01,783,12,605,244,6,421
454,Georgia,2020-06-01,928,15,794,145,3,189
455,Georgia,2020-07-01,1137,16,922,209,1,128
456,Germany,2020-01-01,5,0,0,5,0,0
457,Germany,2020-02-01,79,0,16,74,0,16
458,Germany,2020-03-01,71808,775,16100,71729,775,16084
459,Germany,2020-04-01,163009,6623,123500,91201,5848,107400
460,Germany,2020-05-01,183410,8540,165352,20401,1917,41852
461,Germany,2020-06-01,195418,8990,178100,12008,450,12748
462,Germany,2020-07-01,207112,9125,190314,11694,135,12214
463,Ghana,2020-01-01,0,0,0,0,0,0
464,Ghana,2020-02-01,0,0,0,0,0,0
465,Ghana,2020-03-01,161,5,31,161,5,31
466,Ghana,2020-04-01,2074,17,212,1913,12,181
467,Ghana,2020-05-01,8070,36,2947,5996,19,2735
468,Ghana,2020-06-01,17741,112,13268,9671,76,10321
469,Ghana,2020-07-01,33624,168,29801,15883,56,16533
470,Greece,2020-01-01,0,0,0,0,0,0
471,Greece,2020-02-01,4,0,0,4,0,0
472,Greece,2020-03-01,1314,49,52,1310,49,52
473,Greece,2020-04-01,2591,140,1374,1277,91,1322
474,Greece,2020-05-01,2917,175,1374,326,35,0
475,Greece,2020-06-01,3409,192,1374,492,17,0
476,Greece,2020-07-01,4227,202,1374,818,10,0
477,Greenland,2020-01-01,0,0,0,0,0,0
478,Greenland,2020-02-01,0,0,0,0,0,0
479,Greenland,2020-03-01,10,0,2,10,0,2
480,Greenland,2020-04-01,11,0,11,1,0,9
481,Greenland,2020-05-01,13,0,11,2,0,0
482,Greenland,2020-06-01,13,0,13,0,0,2
483,Greenland,2020-07-01,14,0,13,1,0,0
484,Grenada,2020-01-01,0,0,0,0,0,0
485,Grenada,2020-02-01,0,0,0,0,0,0
486,Grenada,2020-03-01,9,0,0,9,0,0
487,Grenada,2020-04-01,20,0,13,11,0,13
488,Grenada,2020-05-01,23,0,18,3,0,5
489,Grenada,2020-06-01,23,0,23,0,0,5
490,Grenada,2020-07-01,23,0,23,0,0,0
491,Guatemala,2020-01-01,0,0,0,0,0,0
492,Guatemala,2020-02-01,0,0,0,0,0,0
493,Guatemala,2020-03-01,38,1,12,38,1,12
494,Guatemala,2020-04-01,599,16,66,561,15,54
495,Guatemala,2020-05-01,5087,108,735,4488,92,669
496,Guatemala,2020-06-01,18096,773,3194,13009,665,2459
497,Guatemala,2020-07-01,45309,1761,32455,27213,988,29261
498,Guinea,2020-01-01,0,0,0,0,0,0
499,Guinea,2020-02-01,0,0,0,0,0,0
500,Guinea,2020-03-01,22,0,0,22,0,0
501,Guinea,2020-04-01,1495,7,329,1473,7,329
502,Guinea,2020-05-01,3706,23,2030,2211,16,1701
503,Guinea,2020-06-01,5391,33,4326,1685,10,2296
504,Guinea,2020-07-01,7055,45,6257,1664,12,1931
505,Guinea-Bissau,2020-01-01,0,0,0,0,0,0
506,Guinea-Bissau,2020-02-01,0,0,0,0,0,0
507,Guinea-Bissau,2020-03-01,8,0,0,8,0,0
508,Guinea-Bissau,2020-04-01,205,1,19,197,1,19
509,Guinea-Bissau,2020-05-01,1256,8,42,1051,7,23
510,Guinea-Bissau,2020-06-01,1654,24,317,398,16,275
511,Guinea-Bissau,2020-07-01,1954,26,803,300,2,486
512,Guyana,2020-01-01,0,0,0,0,0,0
513,Guyana,2020-02-01,0,0,0,0,0,0
514,Guyana,2020-03-01,12,2,0,27,2,0
515,Guyana,2020-04-01,82,9,22,70,7,22
516,Guyana,2020-05-01,153,12,70,71,3,48
517,Guyana,2020-06-01,245,12,114,92,0,44
518,Guyana,2020-07-01,389,20,181,144,8,67
519,Haiti,2020-01-01,0,0,0,0,0,0
520,Haiti,2020-02-01,0,0,0,0,0,0
521,Haiti,2020-03-01,15,0,1,15,0,1
522,Haiti,2020-04-01,81,8,8,66,8,7
523,Haiti,2020-05-01,2124,44,24,2043,36,16
524,Haiti,2020-06-01,5975,105,931,3851,61,907
525,Haiti,2020-07-01,7340,158,4365,1365,53,3434
526,Holy See,2020-01-01,0,0,0,0,0,0
527,Holy See,2020-02-01,0,0,0,0,0,0
528,Holy See,2020-03-01,6,0,0,6,0,0
529,Holy See,2020-04-01,11,0,2,5,0,2
530,Holy See,2020-05-01,12,0,2,1,0,0
531,Holy See,2020-06-01,12,0,12,0,0,10
532,Holy See,2020-07-01,12,0,12,0,0,0
533,Honduras,2020-01-01,0,0,0,0,0,0
534,Honduras,2020-02-01,0,0,0,0,0,0
535,Honduras,2020-03-01,141,7,3,141,7,3
536,Honduras,2020-04-01,771,71,79,630,64,76
537,Honduras,2020-05-01,5202,212,537,4451,141,458
538,Honduras,2020-06-01,19558,497,2060,14356,285,1523
539,Honduras,2020-07-01,39741,1166,5039,20183,669,2979
540,Hungary,2020-01-01,0,0,0,0,0,0
541,Hungary,2020-02-01,0,0,0,0,0,0
542,Hungary,2020-03-01,492,16,37,492,16,37
543,Hungary,2020-04-01,2775,312,581,2283,296,544
544,Hungary,2020-05-01,3876,526,2147,1101,214,1566
545,Hungary,2020-06-01,4155,585,2692,279,59,545
546,Hungary,2020-07-01,4448,596,3329,293,11,637
547,Iceland,2020-01-01,0,0,0,0,0,0
548,Iceland,2020-02-01,1,0,0,1,0,0
549,Iceland,2020-03-01,1135,2,198,1134,2,198
550,Iceland,2020-04-01,1797,10,1670,662,8,1472
551,Iceland,2020-05-01,1806,10,1794,9,0,124
552,Iceland,2020-06-01,1824,10,1800,18,0,6
553,Iceland,2020-07-01,1854,10,1823,30,0,23
554,India,2020-01-01,1,0,0,1,0,0
555,India,2020-02-01,3,0,3,2,0,3
556,India,2020-03-01,1397,35,123,1394,35,120
557,India,2020-04-01,34863,1154,9068,33466,1119,8945
558,India,2020-05-01,190609,5408,91852,155746,4254,82784
559,India,2020-06-01,585481,17400,347912,394872,11992,256060
560,India,2020-07-01,1480073,33408,951166,894592,16008,603254
561,Indonesia,2020-01-01,0,0,0,0,0,0
562,Indonesia,2020-02-01,0,0,0,0,0,0
563,Indonesia,2020-03-01,1528,136,81,1528,136,81
564,Indonesia,2020-04-01,10118,792,1522,8590,656,1441
565,Indonesia,2020-05-01,26473,1613,7308,16355,821,5786
566,Indonesia,2020-06-01,56385,2876,24806,29912,1263,17498
567,Indonesia,2020-07-01,100303,4838,58173,43918,1962,33367
568,Iran,2020-01-01,0,0,0,0,0,0
569,Iran,2020-02-01,593,43,123,593,43,123
570,Iran,2020-03-01,44605,2898,14656,44012,2855,14533
571,Iran,2020-04-01,94640,6028,75103,50035,3130,60447
572,Iran,2020-05-01,151466,7797,118848,56826,1769,43745
573,Iran,2020-06-01,227662,10817,188758,76196,3020,69910
574,Iran,2020-07-01,293606,15912,255144,65944,5095,66386
575,Iraq,2020-01-01,0,0,0,0,0,0
576,Iraq,2020-02-01,13,0,0,13,0,0
577,Iraq,2020-03-01,694,50,170,681,50,170
578,Iraq,2020-04-01,2085,93,1375,1391,43,1205
579,Iraq,2020-05-01,6439,205,3156,4354,112,1781
580,Iraq,2020-06-01,49109,1943,24760,42670,1738,21604
581,Iraq,2020-07-01,112585,4458,77144,63476,2515,52384
582,Ireland,2020-01-01,0,0,0,0,0,0
583,Ireland,2020-02-01,1,0,0,1,0,0
584,Ireland,2020-03-01,3235,71,5,3234,71,5
585,Ireland,2020-04-01,20612,1232,13386,17377,1161,13381
586,Ireland,2020-05-01,24990,1652,22089,4378,420,8703
587,Ireland,2020-06-01,25473,1736,23364,483,84,1275
588,Ireland,2020-07-01,25892,1764,23364,419,28,0
589,Israel,2020-01-01,0,0,0,0,0,0
590,Israel,2020-02-01,7,0,1,7,0,1
591,Israel,2020-03-01,5358,20,224,5351,20,223
592,Israel,2020-04-01,15946,222,8561,10588,202,8337
593,Israel,2020-05-01,17071,285,14812,1125,63,6251
594,Israel,2020-06-01,25244,320,17341,8173,35,2529
595,Israel,2020-07-01,63985,474,27133,38741,154,9792
596,Italy,2020-01-01,2,0,0,2,0,0
597,Italy,2020-02-01,1128,29,46,1126,29,46
598,Italy,2020-03-01,105792,12428,15729,104664,12399,15683
599,Italy,2020-04-01,205463,27967,75945,99671,15539,60216
600,Italy,2020-05-01,232997,33415,157507,27534,5448,81562
601,Italy,2020-06-01,240578,34767,190248,7729,1352,32741
602,Italy,2020-07-01,246286,35112,198593,5708,345,8345
603,Jamaica,2020-01-01,0,0,0,0,0,0
604,Jamaica,2020-02-01,0,0,0,0,0,0
605,Jamaica,2020-03-01,36,1,2,36,1,2
606,Jamaica,2020-04-01,422,8,29,386,7,27
607,Jamaica,2020-05-01,586,9,311,164,1,282
608,Jamaica,2020-06-01,702,10,553,116,1,242
609,Jamaica,2020-07-01,853,10,714,151,0,161
610,Japan,2020-01-01,15,0,1,13,0,1
611,Japan,2020-02-01,245,6,32,230,6,31
612,Japan,2020-03-01,2255,67,424,2010,61,392
613,Japan,2020-04-01,14284,481,2460,12029,414,2036
614,Japan,2020-05-01,16751,898,14342,2467,417,11882
615,Japan,2020-06-01,18615,972,16458,1864,74,2116
616,Japan,2020-07-01,31142,998,21970,12527,26,5512
617,Jordan,2020-01-01,0,0,0,0,0,0
618,Jordan,2020-02-01,0,0,0,0,0,0
619,Jordan,2020-03-01,274,5,30,274,5,30
620,Jordan,2020-04-01,453,8,362,179,3,332
621,Jordan,2020-05-01,739,9,522,286,1,160
622,Jordan,2020-06-01,1132,9,882,393,0,360
623,Jordan,2020-07-01,1176,11,1041,154,2,159
624,Kazakhstan,2020-01-01,0,0,0,0,0,0
625,Kazakhstan,2020-02-01,0,0,0,0,0,0
626,Kazakhstan,2020-03-01,343,2,24,343,2,24
627,Kazakhstan,2020-04-01,3402,25,866,3059,23,842
628,Kazakhstan,2020-05-01,10858,40,5404,7456,15,4538
629,Kazakhstan,2020-06-01,22308,188,13558,11450,148,8154
630,Kazakhstan,2020-07-01,84648,585,54404,62340,397,40846
631,Kenya,2020-01-01,0,0,0,0,0,0
632,Kenya,2020-02-01,0,0,0,0,0,0
633,Kenya,2020-03-01,59,1,1,59,1,1
634,Kenya,2020-04-01,396,17,144,337,16,143
635,Kenya,2020-05-01,1962,64,478,1566,47,334
636,Kenya,2020-06-01,6366,148,2039,4404,84,1561
637,Kenya,2020-07-01,17975,285,7833,11609,137,5794
638,Kosovo,2020-01-01,0,0,0,0,0,0
639,Kosovo,2020-02-01,0,0,0,0,0,0
640,Kosovo,2020-03-01,112,1,6,112,1,6
641,Kosovo,2020-04-01,806,22,271,694,21,265
642,Kosovo,2020-05-01,1064,30,829,258,8,558
643,Kosovo,2020-06-01,2878,51,1577,1814,21,748
644,Kosovo,2020-07-01,7413,185,4027,4535,134,2450
645,Kuwait,2020-01-01,0,0,0,0,0,0
646,Kuwait,2020-02-01,45,0,0,45,0,0
647,Kuwait,2020-03-01,289,0,73,244,0,73
648,Kuwait,2020-04-01,4024,26,1539,3735,26,1466
649,Kuwait,2020-05-01,27043,212,11386,23019,186,9847
650,Kuwait,2020-06-01,46195,354,37030,19152,142,25644
651,Kuwait,2020-07-01,64379,438,55057,18184,84,18027
652,Kyrgyzstan,2020-01-01,0,0,0,0,0,0
653,Kyrgyzstan,2020-02-01,0,0,0,0,0,0
654,Kyrgyzstan,2020-03-01,107,0,3,107,0,3
655,Kyrgyzstan,2020-04-01,746,8,462,639,8,459
656,Kyrgyzstan,2020-05-01,1748,16,1170,1002,8,708
657,Kyrgyzstan,2020-06-01,5506,61,2443,3758,45,1273
658,Kyrgyzstan,2020-07-01,33296,1301,21205,27790,1240,18762
659,Laos,2020-01-01,0,0,0,0,0,0
660,Laos,2020-02-01,0,0,0,0,0,0
661,Laos,2020-03-01,9,0,0,9,0,0
662,Laos,2020-04-01,19,0,8,10,0,8
663,Laos,2020-05-01,19,0,16,0,0,8
664,Laos,2020-06-01,19,0,19,0,0,3
665,Laos,2020-07-01,20,0,19,1,0,0
666,Latvia,2020-01-01,0,0,0,0,0,0
667,Latvia,2020-02-01,0,0,0,0,0,0
668,Latvia,2020-03-01,398,0,1,398,0,1
669,Latvia,2020-04-01,858,15,348,460,15,347
670,Latvia,2020-05-01,1066,24,745,208,9,397
671,Latvia,2020-06-01,1118,30,974,52,6,229
672,Latvia,2020-07-01,1219,31,1045,101,1,71
673,Lebanon,2020-01-01,0,0,0,0,0,0
674,Lebanon,2020-02-01,4,0,0,4,0,0
675,Lebanon,2020-03-01,470,12,37,466,12,37
676,Lebanon,2020-04-01,725,24,150,255,12,113
677,Lebanon,2020-05-01,1220,27,712,495,3,562
678,Lebanon,2020-06-01,1778,34,1183,558,7,471
679,Lebanon,2020-07-01,3882,51,1709,2104,17,526
680,Lesotho,2020-01-01,0,0,0,0,0,0
681,Lesotho,2020-02-01,0,0,0,0,0,0
682,Lesotho,2020-03-01,0,0,0,0,0,0
683,Lesotho,2020-04-01,0,0,0,0,0,0
684,Lesotho,2020-05-01,2,0,1,2,0,1
685,Lesotho,2020-06-01,27,0,4,25,0,3
686,Lesotho,2020-07-01,505,12,128,478,12,124
687,Liberia,2020-01-01,0,0,0,0,0,0
688,Liberia,2020-02-01,0,0,0,0,0,0
689,Liberia,2020-03-01,3,0,0,3,0,0
690,Liberia,2020-04-01,141,16,45,138,16,45
691,Liberia,2020-05-01,288,27,157,147,11,112
692,Liberia,2020-06-01,780,36,324,492,9,167
693,Liberia,2020-07-01,1167,72,646,387,36,322
694,Libya,2020-01-01,0,0,0,0,0,0
695,Libya,2020-02-01,0,0,0,0,0,0
696,Libya,2020-03-01,10,0,1,10,0,1
697,Libya,2020-04-01,61,3,18,51,3,17
698,Libya,2020-05-01,156,5,52,95,2,34
699,Libya,2020-06-01,824,24,209,668,19,157
700,Libya,2020-07-01,2827,64,577,2003,40,368
701,Liechtenstein,2020-01-01,0,0,0,0,0,0
702,Liechtenstein,2020-02-01,0,0,0,0,0,0
703,Liechtenstein,2020-03-01,68,0,44,68,0,44
704,Liechtenstein,2020-04-01,82,1,80,14,1,36
705,Liechtenstein,2020-05-01,82,1,81,0,0,1
706,Liechtenstein,2020-06-01,82,1,81,0,0,0
707,Liechtenstein,2020-07-01,86,1,81,4,0,0
708,Lithuania,2020-01-01,0,0,0,0,0,0
709,Lithuania,2020-02-01,1,0,0,1,0,0
710,Lithuania,2020-03-01,537,8,7,536,8,7
711,Lithuania,2020-04-01,1385,45,589,953,37,582
712,Lithuania,2020-05-01,1675,70,1236,290,25,647
713,Lithuania,2020-06-01,1817,78,1515,142,8,279
714,Lithuania,2020-07-01,2019,80,1620,202,2,105
715,Luxembourg,2020-01-01,0,0,0,0,0,0
716,Luxembourg,2020-02-01,1,0,0,1,0,0
717,Luxembourg,2020-03-01,2178,23,80,2177,23,80
718,Luxembourg,2020-04-01,3784,90,3213,1606,67,3133
719,Luxembourg,2020-05-01,4018,110,3833,234,20,620
720,Luxembourg,2020-06-01,4299,110,3998,281,0,165
721,Luxembourg,2020-07-01,6321,112,4825,2022,2,827
722,Madagascar,2020-01-01,0,0,0,0,0,0
723,Madagascar,2020-02-01,0,0,0,0,0,0
724,Madagascar,2020-03-01,57,0,0,57,0,0
725,Madagascar,2020-04-01,128,0,92,71,0,92
726,Madagascar,2020-05-01,771,6,168,650,6,76
727,Madagascar,2020-06-01,2214,20,994,1443,14,826
728,Madagascar,2020-07-01,9690,91,6260,7476,71,5266
729,Malawi,2020-01-01,0,0,0,0,0,0
730,Malawi,2020-02-01,0,0,0,0,0,0
731,Malawi,2020-03-01,0,0,0,0,0,0
732,Malawi,2020-04-01,37,3,7,37,3,7
733,Malawi,2020-05-01,284,4,42,247,1,35
734,Malawi,2020-06-01,1224,14,260,940,10,218
735,Malawi,2020-07-01,3664,99,1645,2440,85,1385
736,Malaysia,2020-01-01,8,0,0,8,0,0
737,Malaysia,2020-02-01,25,0,18,17,0,18
738,Malaysia,2020-03-01,2766,43,537,2741,43,519
739,Malaysia,2020-04-01,6002,102,4171,3236,59,3634
740,Malaysia,2020-05-01,7819,115,6353,1817,13,2182
741,Malaysia,2020-06-01,8639,121,8354,820,6,2001
742,Malaysia,2020-07-01,8904,124,8601,265,3,247
743,Maldives,2020-01-01,0,0,0,0,0,0
744,Maldives,2020-02-01,0,0,0,0,0,0
745,Maldives,2020-03-01,18,0,13,18,0,13
746,Maldives,2020-04-01,468,1,17,450,1,4
747,Maldives,2020-05-01,1773,5,453,1305,4,436
748,Maldives,2020-06-01,2361,9,1944,588,4,1491
749,Maldives,2020-07-01,3369,15,2547,1008,6,603
750,Mali,2020-01-01,0,0,0,0,0,0
751,Mali,2020-02-01,0,0,0,0,0,0
752,Mali,2020-03-01,28,2,0,28,2,0
753,Mali,2020-04-01,490,26,135,462,24,135
754,Mali,2020-05-01,1265,77,716,775,51,581
755,Mali,2020-06-01,2181,116,1474,916,39,758
756,Mali,2020-07-01,2513,124,1913,332,8,439
757,Malta,2020-01-01,0,0,0,0,0,0
758,Malta,2020-02-01,0,0,0,0,0,0
759,Malta,2020-03-01,169,0,2,169,0,2
760,Malta,2020-04-01,465,4,351,296,4,349
761,Malta,2020-05-01,618,9,534,153,5,183
762,Malta,2020-06-01,670,9,640,52,0,106
763,Malta,2020-07-01,701,9,665,31,0,25
764,Mauritania,2020-01-01,0,0,0,0,0,0
765,Mauritania,2020-02-01,0,0,0,0,0,0
766,Mauritania,2020-03-01,6,1,2,6,1,2
767,Mauritania,2020-04-01,8,1,6,2,0,4
768,Mauritania,2020-05-01,530,23,27,522,22,21
769,Mauritania,2020-06-01,4363,129,1622,3833,106,1595
770,Mauritania,2020-07-01,6208,156,4653,1845,27,3031
771,Mauritius,2020-01-01,0,0,0,0,0,0
772,Mauritius,2020-02-01,0,0,0,0,0,0
773,Mauritius,2020-03-01,143,5,0,143,5,0
774,Mauritius,2020-04-01,332,10,310,191,5,310
775,Mauritius,2020-05-01,335,10,322,3,0,12
776,Mauritius,2020-06-01,341,10,326,6,0,4
777,Mauritius,2020-07-01,344,10,332,3,0,6
778,Mexico,2020-01-01,0,0,0,0,0,0
779,Mexico,2020-02-01,4,0,0,4,0,0
780,Mexico,2020-03-01,1215,29,35,1211,29,35
781,Mexico,2020-04-01,19224,1859,11423,18009,1830,11388
782,Mexico,2020-05-01,90664,9930,63772,71440,8071,52349
783,Mexico,2020-06-01,226089,27769,174538,135425,17839,110766
784,Mexico,2020-07-01,395489,44022,303810,169400,16253,129272
785,Moldova,2020-01-01,0,0,0,0,0,0
786,Moldova,2020-02-01,0,0,0,0,0,0
787,Moldova,2020-03-01,353,4,18,353,4,18
788,Moldova,2020-04-01,3897,116,1182,3544,112,1164
789,Moldova,2020-05-01,8251,295,4581,4354,179,3399
790,Moldova,2020-06-01,16613,545,9382,8362,250,4801
791,Moldova,2020-07-01,23154,748,16154,6541,203,6772
792,Monaco,2020-01-01,0,0,0,0,0,0
793,Monaco,2020-02-01,1,0,0,1,0,0
794,Monaco,2020-03-01,52,1,2,51,1,2
795,Monaco,2020-04-01,95,4,64,43,3,62
796,Monaco,2020-05-01,99,4,90,4,0,26
797,Monaco,2020-06-01,103,4,95,4,0,5
798,Monaco,2020-07-01,116,4,104,13,0,9
799,Mongolia,2020-01-01,0,0,0,0,0,0
800,Mongolia,2020-02-01,0,0,0,0,0,0
801,Mongolia,2020-03-01,12,0,2,12,0,2
802,Mongolia,2020-04-01,38,0,10,26,0,8
803,Mongolia,2020-05-01,179,0,44,141,0,34
804,Mongolia,2020-06-01,220,0,176,41,0,132
805,Mongolia,2020-07-01,289,0,222,69,0,46
806,Montenegro,2020-01-01,0,0,0,0,0,0
807,Montenegro,2020-02-01,0,0,0,0,0,0
808,Montenegro,2020-03-01,109,2,0,109,2,0
809,Montenegro,2020-04-01,322,7,214,213,5,214
810,Montenegro,2020-05-01,324,9,315,2,2,101
811,Montenegro,2020-06-01,548,12,315,224,3,0
812,Montenegro,2020-07-01,2893,45,809,2345,33,494
813,Morocco,2020-01-01,0,0,0,0,0,0
814,Morocco,2020-02-01,0,0,0,0,0,0
815,Morocco,2020-03-01,617,36,24,617,36,24
816,Morocco,2020-04-01,4423,170,984,3806,134,960
817,Morocco,2020-05-01,7807,205,5459,3384,35,4475
818,Morocco,2020-06-01,12533,228,8920,4726,23,3461
819,Morocco,2020-07-01,20887,316,16553,8354,88,7633
820,Mozambique,2020-01-01,0,0,0,0,0,0
821,Mozambique,2020-02-01,0,0,0,0,0,0
822,Mozambique,2020-03-01,8,0,0,8,0,0
823,Mozambique,2020-04-01,76,0,0,68,0,0
824,Mozambique,2020-05-01,254,2,0,178,2,0
825,Mozambique,2020-06-01,889,6,0,635,4,0
826,Mozambique,2020-07-01,1701,11,0,812,5,0
827,Namibia,2020-01-01,0,0,0,0,0,0
828,Namibia,2020-02-01,0,0,0,0,0,0
829,Namibia,2020-03-01,11,0,2,11,0,2
830,Namibia,2020-04-01,16,0,8,5,0,6
831,Namibia,2020-05-01,24,0,14,8,0,6
832,Namibia,2020-06-01,205,0,24,181,0,10
833,Namibia,2020-07-01,1843,8,101,1638,8,77
834,Nepal,2020-01-01,1,0,0,1,0,0
835,Nepal,2020-02-01,1,0,1,0,0,1
836,Nepal,2020-03-01,5,0,1,4,0,0
837,Nepal,2020-04-01,57,0,16,52,0,15
838,Nepal,2020-05-01,1572,8,220,1516,8,204
839,Nepal,2020-06-01,13564,29,3194,11992,21,2974
840,Nepal,2020-07-01,18752,48,13754,5188,19,10560
841,Netherlands,2020-01-01,0,0,0,0,0,0
842,Netherlands,2020-02-01,6,0,0,6,0,0
843,Netherlands,2020-03-01,12667,1040,3,12661,1040,3
844,Netherlands,2020-04-01,39507,4811,125,26840,3771,122
845,Netherlands,2020-05-01,46639,5975,172,7132,1164,47
846,Netherlands,2020-06-01,50476,6132,179,3837,157,7
847,Netherlands,2020-07-01,53413,6160,189,2937,28,10
848,New Zealand,2020-01-01,0,0,0,0,0,0
849,New Zealand,2020-02-01,1,0,0,1,0,0
850,New Zealand,2020-03-01,647,1,74,646,1,74
851,New Zealand,2020-04-01,1479,19,1252,833,18,1178
852,New Zealand,2020-05-01,1504,22,1481,26,3,229
853,New Zealand,2020-06-01,1528,22,1484,24,0,3
854,New Zealand,2020-07-01,1557,22,1514,29,0,30
855,Nicaragua,2020-01-01,0,0,0,0,0,0
856,Nicaragua,2020-02-01,0,0,0,0,0,0
857,Nicaragua,2020-03-01,5,1,0,5,1,0
858,Nicaragua,2020-04-01,14,3,7,9,2,7
859,Nicaragua,2020-05-01,759,35,370,745,32,363
860,Nicaragua,2020-06-01,2519,83,1238,1760,48,868
861,Nicaragua,2020-07-01,3439,108,2492,920,25,1254
862,Niger,2020-01-01,0,0,0,0,0,0
863,Niger,2020-02-01,0,0,0,0,0,0
864,Niger,2020-03-01,27,3,0,27,3,0
865,Niger,2020-04-01,719,32,452,692,29,452
866,Niger,2020-05-01,958,64,839,239,32,387
867,Niger,2020-06-01,1075,67,943,117,3,104
868,Niger,2020-07-01,1132,69,1027,61,2,84
869,Nigeria,2020-01-01,0,0,0,0,0,0
870,Nigeria,2020-02-01,1,0,0,1,0,0
871,Nigeria,2020-03-01,135,2,8,134,2,8
872,Nigeria,2020-04-01,1932,58,319,1797,56,311
873,Nigeria,2020-05-01,10162,287,3007,8230,229,2688
874,Nigeria,2020-06-01,25694,590,9746,15532,303,6739
875,Nigeria,2020-07-01,41180,860,18203,15486,270,8457
876,North Macedonia,2020-01-01,0,0,0,0,0,0
877,North Macedonia,2020-02-01,1,0,0,1,0,0
878,North Macedonia,2020-03-01,329,9,12,328,9,12
879,North Macedonia,2020-04-01,1465,77,738,1136,68,726
880,North Macedonia,2020-05-01,2226,133,1552,761,56,814
881,North Macedonia,2020-06-01,6334,302,2475,4108,169,923
882,North Macedonia,2020-07-01,10213,466,5564,3879,164,3089
883,Norway,2020-01-01,0,0,0,0,0,0
884,Norway,2020-02-01,15,0,0,15,0,0
885,Norway,2020-03-01,4641,39,13,4626,39,13
886,Norway,2020-04-01,7738,210,32,3097,171,19
887,Norway,2020-05-01,8440,236,7727,702,26,7695
888,Norway,2020-06-01,8879,250,8138,439,14,411
889,Norway,2020-07-01,9132,255,8752,253,5,614
890,Oman,2020-01-01,0,0,0,0,0,0
891,Oman,2020-02-01,6,0,1,6,0,1
892,Oman,2020-03-01,192,1,34,186,1,33
893,Oman,2020-04-01,2348,11,495,2156,10,461
894,Oman,2020-05-01,11437,49,2682,9089,38,2187
895,Oman,2020-06-01,40070,176,23425,28633,127,20743
896,Oman,2020-07-01,77058,393,57028,36988,217,33603
897,Pakistan,2020-01-01,0,0,0,0,0,0
898,Pakistan,2020-02-01,4,0,0,4,0,0
899,Pakistan,2020-03-01,2118,27,94,2114,27,94
900,Pakistan,2020-04-01,18114,417,4715,15996,390,4621
901,Pakistan,2020-05-01,72460,1543,26083,54346,1126,21368
902,Pakistan,2020-06-01,213470,4395,100802,141010,2852,74719
903,Pakistan,2020-07-01,274289,5842,241026,60819,1447,140224
904,Panama,2020-01-01,0,0,0,0,0,0
905,Panama,2020-02-01,0,0,0,0,0,0
906,Panama,2020-03-01,1181,30,9,1181,30,9
907,Panama,2020-04-01,6532,188,576,5351,158,567
908,Panama,2020-05-01,13463,336,9514,6931,148,8938
909,Panama,2020-06-01,33550,631,15745,20087,295,6231
910,Panama,2020-07-01,61442,1322,35086,27892,691,19341
911,Papua New Guinea,2020-01-01,0,0,0,0,0,0
912,Papua New Guinea,2020-02-01,0,0,0,0,0,0
913,Papua New Guinea,2020-03-01,1,0,0,1,0,0
914,Papua New Guinea,2020-04-01,8,0,0,7,0,0
915,Papua New Guinea,2020-05-01,8,0,8,0,0,8
916,Papua New Guinea,2020-06-01,11,0,8,3,0,0
917,Papua New Guinea,2020-07-01,62,0,11,51,0,3
918,Paraguay,2020-01-01,0,0,0,0,0,0
919,Paraguay,2020-02-01,0,0,0,0,0,0
920,Paraguay,2020-03-01,65,3,1,65,3,1
921,Paraguay,2020-04-01,266,10,113,201,7,112
922,Paraguay,2020-05-01,986,11,477,720,1,364
923,Paraguay,2020-06-01,2221,17,1089,1235,6,612
924,Paraguay,2020-07-01,4548,43,2905,2327,26,1816
925,Peru,2020-01-01,0,0,0,0,0,0
926,Peru,2020-02-01,0,0,0,0,0,0
927,Peru,2020-03-01,1065,30,394,1065,30,394
928,Peru,2020-04-01,36976,1051,10405,35911,1021,10011
929,Peru,2020-05-01,164476,4506,67208,127500,3455,56803
930,Peru,2020-06-01,285213,9677,174535,120737,5171,107327
931,Peru,2020-07-01,389717,18418,272547,104504,8741,98012
932,Philippines,2020-01-01,1,0,0,1,0,0
933,Philippines,2020-02-01,3,1,1,2,1,1
934,Philippines,2020-03-01,2084,88,49,2081,87,48
935,Philippines,2020-04-01,8488,568,1043,6404,480,994
936,Philippines,2020-05-01,18086,957,3909,9598,389,2866
937,Philippines,2020-06-01,37514,1266,10233,19428,309,6324
938,Philippines,2020-07-01,82040,1945,26446,44526,679,16213
939,Poland,2020-01-01,0,0,0,0,0,0
940,Poland,2020-02-01,0,0,0,0,0,0
941,Poland,2020-03-01,2311,33,7,2311,33,7
942,Poland,2020-04-01,12877,644,3236,10566,611,3229
943,Poland,2020-05-01,23786,1064,11271,10909,420,8035
944,Poland,2020-06-01,34393,1463,21281,10607,399,10010
945,Poland,2020-07-01,43402,1676,32856,9009,213,11575
946,Portugal,2020-01-01,0,0,0,0,0,0
947,Portugal,2020-02-01,0,0,0,0,0,0
948,Portugal,2020-03-01,7443,160,43,7443,160,43
949,Portugal,2020-04-01,25045,989,1519,17602,829,1476
950,Portugal,2020-05-01,32500,1410,19409,7616,421,17890
951,Portugal,2020-06-01,42141,1576,27505,9641,166,8096
952,Portugal,2020-07-01,50299,1719,35375,8158,143,7870
953,Qatar,2020-01-01,0,0,0,0,0,0
954,Qatar,2020-02-01,1,0,0,1,0,0
955,Qatar,2020-03-01,781,2,62,780,2,62
956,Qatar,2020-04-01,13409,10,1372,12628,8,1310
957,Qatar,2020-05-01,56910,38,30290,43501,28,28918
958,Qatar,2020-06-01,96088,113,81564,39178,75,51274
959,Qatar,2020-07-01,109597,165,106328,13509,52,24764
960,Romania,2020-01-01,0,0,0,0,0,0
961,Romania,2020-02-01,3,0,0,3,0,0
962,Romania,2020-03-01,2245,82,220,2242,82,220
963,Romania,2020-04-01,12240,717,4017,9995,635,3797
964,Romania,2020-05-01,19257,1266,13256,7017,549,9239
965,Romania,2020-06-01,26970,1651,19050,7713,385,5794
966,Romania,2020-07-01,45902,2206,25794,18932,555,6744
967,Russia,2020-01-01,2,0,0,2,0,0
968,Russia,2020-02-01,2,0,2,0,0,2
969,Russia,2020-03-01,2337,17,121,2335,17,119
970,Russia,2020-04-01,106498,1073,11619,104161,1056,11498
971,Russia,2020-05-01,405843,4693,171883,299345,3620,160264
972,Russia,2020-06-01,646929,9306,411973,241086,4613,240090
973,Russia,2020-07-01,816680,13334,602249,169751,4028,190276
974,Rwanda,2020-01-01,0,0,0,0,0,0
975,Rwanda,2020-02-01,0,0,0,0,0,0
976,Rwanda,2020-03-01,75,0,0,75,0,0
977,Rwanda,2020-04-01,243,0,104,168,0,104
978,Rwanda,2020-05-01,370,1,256,127,1,152
979,Rwanda,2020-06-01,1025,2,447,655,1,191
980,Rwanda,2020-07-01,1879,5,975,854,3,528
981,Saint Kitts and Nevis,2020-01-01,0,0,0,0,0,0
982,Saint Kitts and Nevis,2020-02-01,0,0,0,0,0,0
983,Saint Kitts and Nevis,2020-03-01,8,0,0,8,0,0
984,Saint Kitts and Nevis,2020-04-01,15,0,6,7,0,6
985,Saint Kitts and Nevis,2020-05-01,15,0,15,0,0,9
986,Saint Kitts and Nevis,2020-06-01,15,0,15,0,0,0
987,Saint Kitts and Nevis,2020-07-01,17,0,15,2,0,0
988,Saint Lucia,2020-01-01,0,0,0,0,0,0
989,Saint Lucia,2020-02-01,0,0,0,0,0,0
990,Saint Lucia,2020-03-01,13,0,1,13,0,1
991,Saint Lucia,2020-04-01,17,0,15,4,0,14
992,Saint Lucia,2020-05-01,18,0,18,1,0,3
993,Saint Lucia,2020-06-01,19,0,19,1,0,1
994,Saint Lucia,2020-07-01,24,0,22,5,0,3
995,Saint Vincent and the Grenadines,2020-01-01,0,0,0,0,0,0
996,Saint Vincent and the Grenadines,2020-02-01,0,0,0,0,0,0
997,Saint Vincent and the Grenadines,2020-03-01,1,0,1,1,0,1
998,Saint Vincent and the Grenadines,2020-04-01,16,0,8,15,0,7
999,Saint Vincent and the Grenadines,2020-05-01,26,0,15,10,0,7
1000,Saint Vincent and the Grenadines,2020-06-01,29,0,29,3,0,14
1001,Saint Vincent and the Grenadines,2020-07-01,52,0,39,23,0,10
1002,San Marino,2020-01-01,0,0,0,0,0,0
1003,San Marino,2020-02-01,1,0,0,1,0,0
1004,San Marino,2020-03-01,236,26,13,235,26,13
1005,San Marino,2020-04-01,569,41,78,333,15,65
1006,San Marino,2020-05-01,671,42,357,111,1,279
1007,San Marino,2020-06-01,698,42,656,27,0,299
1008,San Marino,2020-07-01,699,42,657,1,0,1
1009,Sao Tome and Principe,2020-01-01,0,0,0,0,0,0
1010,Sao Tome and Principe,2020-02-01,0,0,0,0,0,0
1011,Sao Tome and Principe,2020-03-01,0,0,0,0,0,0
1012,Sao Tome and Principe,2020-04-01,14,0,4,14,0,4
1013,Sao Tome and Principe,2020-05-01,483,12,68,469,12,64
1014,Sao Tome and Principe,2020-06-01,714,13,236,231,1,168
1015,Sao Tome and Principe,2020-07-01,865,14,734,151,1,498
1016,Saudi Arabia,2020-01-01,0,0,0,0,0,0
1017,Saudi Arabia,2020-02-01,0,0,0,0,0,0
1018,Saudi Arabia,2020-03-01,1563,10,165,1563,10,165
1019,Saudi Arabia,2020-04-01,22753,162,3163,21190,152,2998
1020,Saudi Arabia,2020-05-01,85261,503,62442,62508,341,59279
1021,Saudi Arabia,2020-06-01,190823,1649,130766,105562,1146,68324
1022,Saudi Arabia,2020-07-01,268934,2760,222936,78111,1111,92170
1023,Senegal,2020-01-01,0,0,0,0,0,0
1024,Senegal,2020-02-01,0,0,0,0,0,0
1025,Senegal,2020-03-01,175,0,40,175,0,40
1026,Senegal,2020-04-01,933,9,334,758,9,294
1027,Senegal,2020-05-01,3645,42,1801,2712,33,1467
1028,Senegal,2020-06-01,6793,112,4431,3148,70,2630
1029,Senegal,2020-07-01,9764,194,6477,2971,82,2046
1030,Serbia,2020-01-01,0,0,0,0,0,0
1031,Serbia,2020-02-01,0,0,0,0,0,0
1032,Serbia,2020-03-01,900,16,0,900,16,0
1033,Serbia,2020-04-01,9009,179,1343,8109,163,1343
1034,Serbia,2020-05-01,11412,243,6698,2403,64,5355
1035,Serbia,2020-06-01,14564,277,12662,3152,34,5964
1036,Serbia,2020-07-01,24141,543,0,9577,266,-12662
1037,Seychelles,2020-01-01,0,0,0,0,0,0
1038,Seychelles,2020-02-01,0,0,0,0,0,0
1039,Seychelles,2020-03-01,10,0,0,10,0,0
1040,Seychelles,2020-04-01,11,0,6,1,0,6
1041,Seychelles,2020-05-01,11,0,11,0,0,5
1042,Seychelles,2020-06-01,81,0,11,70,0,0
1043,Seychelles,2020-07-01,114,0,39,33,0,28
1044,Sierra Leone,2020-01-01,0,0,0,0,0,0
1045,Sierra Leone,2020-02-01,0,0,0,0,0,0
1046,Sierra Leone,2020-03-01,1,0,0,1,0,0
1047,Sierra Leone,2020-04-01,124,7,21,123,7,21
1048,Sierra Leone,2020-05-01,861,46,454,737,39,433
1049,Sierra Leone,2020-06-01,1462,60,974,601,14,520
1050,Sierra Leone,2020-07-01,1783,66,1317,321,6,343
1051,Singapore,2020-01-01,13,0,0,13,0,0
1052,Singapore,2020-02-01,102,0,72,89,0,72
1053,Singapore,2020-03-01,926,3,240,824,3,168
1054,Singapore,2020-04-01,16169,15,1244,15243,12,1004
1055,Singapore,2020-05-01,34884,23,21699,18715,8,20455
1056,Singapore,2020-06-01,43907,26,38500,9023,3,16801
1057,Singapore,2020-07-01,50838,27,45692,6931,1,7192
1058,Slovakia,2020-01-01,0,0,0,0,0,0
1059,Slovakia,2020-02-01,0,0,0,0,0,0
1060,Slovakia,2020-03-01,363,0,3,363,0,3
1061,Slovakia,2020-04-01,1396,23,524,1033,23,521
1062,Slovakia,2020-05-01,1521,28,1366,125,5,842
1063,Slovakia,2020-06-01,1667,28,1464,146,0,98
1064,Slovakia,2020-07-01,2181,28,1616,514,0,152
1065,Slovenia,2020-01-01,0,0,0,0,0,0
1066,Slovenia,2020-02-01,0,0,0,0,0,0
1067,Slovenia,2020-03-01,802,15,10,802,15,10
1068,Slovenia,2020-04-01,1429,91,233,627,76,223
1069,Slovenia,2020-05-01,1473,108,1358,44,17,1125
1070,Slovenia,2020-06-01,1600,111,1384,127,3,26
1071,Slovenia,2020-07-01,2087,116,1733,487,5,349
1072,Somalia,2020-01-01,0,0,0,0,0,0
1073,Somalia,2020-02-01,0,0,0,0,0,0
1074,Somalia,2020-03-01,5,0,1,5,0,1
1075,Somalia,2020-04-01,601,28,31,596,28,30
1076,Somalia,2020-05-01,1976,78,348,1375,50,317
1077,Somalia,2020-06-01,2924,90,910,948,12,562
1078,Somalia,2020-07-01,3196,93,1543,272,3,633
1079,South Africa,2020-01-01,0,0,0,0,0,0
1080,South Africa,2020-02-01,0,0,0,0,0,0
1081,South Africa,2020-03-01,1353,5,31,1353,5,31
1082,South Africa,2020-04-01,5647,103,2073,4294,98,2042
1083,South Africa,2020-05-01,32683,683,16809,27036,580,14736
1084,South Africa,2020-06-01,151209,2657,73543,118526,1974,56734
1085,South Africa,2020-07-01,452529,7067,274925,301320,4410,201382
1086,South Korea,2020-01-01,11,0,0,10,0,0
1087,South Korea,2020-02-01,3150,16,27,3139,16,27
1088,South Korea,2020-03-01,9786,162,5408,6636,146,5381
1089,South Korea,2020-04-01,10774,248,9072,988,86,3664
1090,South Korea,2020-05-01,11503,271,10422,729,23,1350
1091,South Korea,2020-06-01,12850,282,11613,1347,11,1191
1092,South Korea,2020-07-01,14203,300,13007,1353,18,1394
1093,South Sudan,2020-01-01,0,0,0,0,0,0
1094,South Sudan,2020-02-01,0,0,0,0,0,0
1095,South Sudan,2020-03-01,0,0,0,0,0,0
1096,South Sudan,2020-04-01,35,0,0,35,0,0
1097,South Sudan,2020-05-01,994,10,6,959,10,6
1098,South Sudan,2020-06-01,2007,38,279,1013,28,273
1099,South Sudan,2020-07-01,2305,46,1175,298,8,896
1100,Spain,2020-01-01,0,0,0,0,0,0
1101,Spain,2020-02-01,45,0,2,45,0,2
1102,Spain,2020-03-01,95923,8464,19259,95878,8464,19257
1103,Spain,2020-04-01,213435,24543,112050,127546,16079,92791
1104,Spain,2020-05-01,239479,27127,150376,26416,2584,38326
1105,Spain,2020-06-01,249271,28355,150376,9792,1228,0
1106,Spain,2020-07-01,272421,28432,150376,23150,77,0
1107,Sri Lanka,2020-01-01,1,0,0,1,0,0
1108,Sri Lanka,2020-02-01,1,0,1,0,0,1
1109,Sri Lanka,2020-03-01,143,2,17,142,2,16
1110,Sri Lanka,2020-04-01,663,7,154,520,5,137
1111,Sri Lanka,2020-05-01,1633,10,801,970,3,647
1112,Sri Lanka,2020-06-01,2047,11,1711,414,1,910
1113,Sri Lanka,2020-07-01,2805,11,2121,758,0,410
1114,Sudan,2020-01-01,0,0,0,0,0,0
1115,Sudan,2020-02-01,0,0,0,0,0,0
1116,Sudan,2020-03-01,7,2,1,7,2,1
1117,Sudan,2020-04-01,442,31,39,435,29,38
1118,Sudan,2020-05-01,5026,286,1423,4584,255,1384
1119,Sudan,2020-06-01,9257,572,4014,4231,286,2591
1120,Sudan,2020-07-01,11424,720,5939,2167,148,1925
1121,Suriname,2020-01-01,0,0,0,0,0,0
1122,Suriname,2020-02-01,0,0,0,0,0,0
1123,Suriname,2020-03-01,9,0,0,9,0,0
1124,Suriname,2020-04-01,10,1,8,1,1,8
1125,Suriname,2020-05-01,23,1,9,13,0,1
1126,Suriname,2020-06-01,515,13,227,492,12,218
1127,Suriname,2020-07-01,1483,24,925,968,11,698
1128,Sweden,2020-01-01,1,0,0,1,0,0
1129,Sweden,2020-02-01,12,0,0,11,0,0
1130,Sweden,2020-03-01,4435,180,0,4423,180,0
1131,Sweden,2020-04-01,21092,2586,0,16657,2406,0
1132,Sweden,2020-05-01,37542,4395,0,16450,1809,0
1133,Sweden,2020-06-01,68451,5333,0,30909,938,0
1134,Sweden,2020-07-01,79395,5700,0,10944,367,0
1135,Switzerland,2020-01-01,0,0,0,0,0,0
1136,Switzerland,2020-02-01,18,0,0,18,0,0
1137,Switzerland,2020-03-01,16605,433,1823,16587,433,1823
1138,Switzerland,2020-04-01,29586,1737,23400,12981,1304,21577
1139,Switzerland,2020-05-01,30862,1920,28500,1276,183,5100
1140,Switzerland,2020-06-01,31714,1963,29200,852,43,700
1141,Switzerland,2020-07-01,34477,1978,30900,2763,15,1700
1142,Syria,2020-01-01,0,0,0,0,0,0
1143,Syria,2020-02-01,0,0,0,0,0,0
1144,Syria,2020-03-01,10,2,0,10,2,0
1145,Syria,2020-04-01,43,3,0,33,1,0
1146,Syria,2020-05-01,122,5,0,79,2,0
1147,Syria,2020-06-01,279,9,0,157,4,0
1148,Syria,2020-07-01,674,40,0,395,31,0
1149,Taiwan*,2020-01-01,10,0,0,9,0,0
1150,Taiwan*,2020-02-01,39,1,9,29,1,9
1151,Taiwan*,2020-03-01,322,5,39,283,4,30
1152,Taiwan*,2020-04-01,429,6,322,107,1,283
1153,Taiwan*,2020-05-01,442,7,423,13,1,101
1154,Taiwan*,2020-06-01,447,7,437,5,0,14
1155,Taiwan*,2020-07-01,462,7,440,15,0,3
1156,Tajikistan,2020-01-01,0,0,0,0,0,0
1157,Tajikistan,2020-02-01,0,0,0,0,0,0
1158,Tajikistan,2020-03-01,0,0,0,0,0,0
1159,Tajikistan,2020-04-01,15,0,0,15,0,0
1160,Tajikistan,2020-05-01,3930,47,2004,3915,47,2004
1161,Tajikistan,2020-06-01,5900,52,4506,1970,5,2502
1162,Tajikistan,2020-07-01,7235,60,6028,1335,8,1522
1163,Tanzania,2020-01-01,0,0,0,0,0,0
1164,Tanzania,2020-02-01,0,0,0,0,0,0
1165,Tanzania,2020-03-01,19,1,1,19,1,1
1166,Tanzania,2020-04-01,480,16,167,461,15,166
1167,Tanzania,2020-05-01,509,21,183,29,5,16
1168,Tanzania,2020-06-01,509,21,183,0,0,0
1169,Tanzania,2020-07-01,509,21,183,0,0,0
1170,Thailand,2020-01-01,19,0,5,17,0,5
1171,Thailand,2020-02-01,42,0,28,23,0,23
1172,Thailand,2020-03-01,1651,10,342,1609,10,314
1173,Thailand,2020-04-01,2954,54,2684,1303,44,2342
1174,Thailand,2020-05-01,3081,57,2963,127,3,279
1175,Thailand,2020-06-01,3171,58,3056,90,1,93
1176,Thailand,2020-07-01,3297,58,3111,126,0,55
1177,Timor-Leste,2020-01-01,0,0,0,0,0,0
1178,Timor-Leste,2020-02-01,0,0,0,0,0,0
1179,Timor-Leste,2020-03-01,1,0,0,1,0,0
1180,Timor-Leste,2020-04-01,24,0,0,23,0,0
1181,Timor-Leste,2020-05-01,24,0,0,0,0,0
1182,Timor-Leste,2020-06-01,24,0,0,0,0,0
1183,Timor-Leste,2020-07-01,24,0,0,0,0,0
1184,Togo,2020-01-01,0,0,0,0,0,0
1185,Togo,2020-02-01,0,0,0,0,0,0
1186,Togo,2020-03-01,34,1,10,34,1,10
1187,Togo,2020-04-01,116,9,65,82,8,55
1188,Togo,2020-05-01,442,13,211,326,4,146
1189,Togo,2020-06-01,650,14,402,208,1,191
1190,Togo,2020-07-01,874,18,607,224,4,205
1191,Trinidad and Tobago,2020-01-01,0,0,0,0,0,0
1192,Trinidad and Tobago,2020-02-01,0,0,0,0,0,0
1193,Trinidad and Tobago,2020-03-01,87,3,1,87,3,1
1194,Trinidad and Tobago,2020-04-01,116,8,72,29,5,71
1195,Trinidad and Tobago,2020-05-01,117,8,108,1,0,36
1196,Trinidad and Tobago,2020-06-01,130,8,113,13,0,5
1197,Trinidad and Tobago,2020-07-01,148,8,128,18,0,15
1198,Tunisia,2020-01-01,0,0,0,0,0,0
1199,Tunisia,2020-02-01,0,0,0,0,0,0
1200,Tunisia,2020-03-01,394,10,3,394,10,3
1201,Tunisia,2020-04-01,994,41,305,600,31,302
1202,Tunisia,2020-05-01,1077,48,960,83,7,655
1203,Tunisia,2020-06-01,1174,50,1031,97,2,71
1204,Tunisia,2020-07-01,1455,50,1157,281,0,126
1205,Turkey,2020-01-01,0,0,0,0,0,0
1206,Turkey,2020-02-01,0,0,0,0,0,0
1207,Turkey,2020-03-01,13531,214,243,13531,214,243
1208,Turkey,2020-04-01,120204,3174,48886,106673,2960,48643
1209,Turkey,2020-05-01,163942,4540,127973,43738,1366,79087
1210,Turkey,2020-06-01,199906,5131,173111,35964,591,45138
1211,Turkey,2020-07-01,227019,5630,210469,27113,499,37358
1212,US,2020-01-01,7,0,0,6,0,0
1213,US,2020-02-01,24,1,7,17,1,7
1214,US,2020-03-01,188724,5605,7024,188700,5604,7017
1215,US,2020-04-01,1072667,64256,153947,883943,58651,146923
1216,US,2020-05-01,1799124,105364,444758,726457,41108,290811
1217,US,2020-06-01,2636414,127432,720631,837290,22068,275873
1218,US,2020-07-01,4290259,148011,1325804,1653845,20579,605173
1219,Uganda,2020-01-01,0,0,0,0,0,0
1220,Uganda,2020-02-01,0,0,0,0,0,0
1221,Uganda,2020-03-01,44,0,0,44,0,0
1222,Uganda,2020-04-01,83,0,52,40,0,52
1223,Uganda,2020-05-01,417,0,72,438,0,20
1224,Uganda,2020-06-01,889,0,819,472,0,747
1225,Uganda,2020-07-01,1128,2,986,239,2,167
1226,Ukraine,2020-01-01,0,0,0,0,0,0
1227,Ukraine,2020-02-01,0,0,0,0,0,0
1228,Ukraine,2020-03-01,645,17,10,645,17,10
1229,Ukraine,2020-04-01,10406,261,1238,9761,244,1228
1230,Ukraine,2020-05-01,23672,708,9538,13266,447,8300
1231,Ukraine,2020-06-01,45254,1173,19792,21582,465,10254
1232,Ukraine,2020-07-01,67096,1636,37202,21842,463,17410
1233,United Arab Emirates,2020-01-01,4,0,0,4,0,0
1234,United Arab Emirates,2020-02-01,21,0,5,17,0,5
1235,United Arab Emirates,2020-03-01,664,6,61,643,6,56
1236,United Arab Emirates,2020-04-01,12481,105,2429,11817,99,2368
1237,United Arab Emirates,2020-05-01,34557,264,17932,22076,159,15503
1238,United Arab Emirates,2020-06-01,48667,315,37566,14110,51,19634
1239,United Arab Emirates,2020-07-01,59177,345,52510,10510,30,14944
1240,United Kingdom,2020-01-01,2,0,0,2,0,0
1241,United Kingdom,2020-02-01,61,0,8,59,0,8
1242,United Kingdom,2020-03-01,38815,2430,179,38754,2430,171
1243,United Kingdom,2020-04-01,178771,26859,859,139956,24429,680
1244,United Kingdom,2020-05-01,257539,39092,1190,78768,12233,331
1245,United Kingdom,2020-06-01,285216,43815,1370,27677,4723,180
1246,United Kingdom,2020-07-01,301708,45844,1437,16492,2029,67
1247,Uruguay,2020-01-01,0,0,0,0,0,0
1248,Uruguay,2020-02-01,0,0,0,0,0,0
1249,Uruguay,2020-03-01,338,1,41,338,1,41
1250,Uruguay,2020-04-01,643,17,417,326,16,376
1251,Uruguay,2020-05-01,823,22,685,180,5,268
1252,Uruguay,2020-06-01,936,27,824,113,5,139
1253,Uruguay,2020-07-01,1202,35,951,266,8,127
1254,Uzbekistan,2020-01-01,0,0,0,0,0,0
1255,Uzbekistan,2020-02-01,0,0,0,0,0,0
1256,Uzbekistan,2020-03-01,172,2,7,172,2,7
1257,Uzbekistan,2020-04-01,2039,9,1133,1867,7,1126
1258,Uzbekistan,2020-05-01,3623,15,2837,1584,6,1704
1259,Uzbekistan,2020-06-01,8503,26,5682,4880,11,2845
1260,Uzbekistan,2020-07-01,21209,121,11674,12706,95,5992
1261,Venezuela,2020-01-01,0,0,0,0,0,0
1262,Venezuela,2020-02-01,0,0,0,0,0,0
1263,Venezuela,2020-03-01,135,3,39,135,3,39
1264,Venezuela,2020-04-01,333,16,142,198,13,103
1265,Venezuela,2020-05-01,1510,14,302,1177,-2,160
1266,Venezuela,2020-06-01,5832,51,1649,4322,37,1347
1267,Venezuela,2020-07-01,15988,146,9959,10156,95,8310
1268,Vietnam,2020-01-01,2,0,0,2,0,0
1269,Vietnam,2020-02-01,16,0,16,14,0,16
1270,Vietnam,2020-03-01,212,0,58,196,0,42
1271,Vietnam,2020-04-01,270,0,219,58,0,161
1272,Vietnam,2020-05-01,328,0,279,58,0,60
1273,Vietnam,2020-06-01,355,0,335,27,0,56
1274,Vietnam,2020-07-01,431,0,365,76,0,30
1275,West Bank and Gaza,2020-01-01,0,0,0,0,0,0
1276,West Bank and Gaza,2020-02-01,0,0,0,0,0,0
1277,West Bank and Gaza,2020-03-01,119,1,18,119,1,18
1278,West Bank and Gaza,2020-04-01,344,2,76,225,1,58
1279,West Bank and Gaza,2020-05-01,448,3,372,104,1,296
1280,West Bank and Gaza,2020-06-01,2428,8,451,1980,5,79
1281,West Bank and Gaza,2020-07-01,10621,78,3752,8193,70,3301
1282,Western Sahara,2020-01-01,0,0,0,0,0,0
1283,Western Sahara,2020-02-01,0,0,0,0,0,0
1284,Western Sahara,2020-03-01,0,0,0,0,0,0
1285,Western Sahara,2020-04-01,6,0,5,6,0,5
1286,Western Sahara,2020-05-01,9,1,6,3,1,1
1287,Western Sahara,2020-06-01,10,1,8,1,0,2
1288,Western Sahara,2020-07-01,10,1,8,0,0,0
1289,Yemen,2020-01-01,0,0,0,0,0,0
1290,Yemen,2020-02-01,0,0,0,0,0,0
1291,Yemen,2020-03-01,0,0,0,0,0,0
1292,Yemen,2020-04-01,6,2,1,6,2,1
1293,Yemen,2020-05-01,323,80,14,317,78,13
1294,Yemen,2020-06-01,1158,312,488,835,232,474
1295,Yemen,2020-07-01,1691,483,833,533,171,345
1296,Zambia,2020-01-01,0,0,0,0,0,0
1297,Zambia,2020-02-01,0,0,0,0,0,0
1298,Zambia,2020-03-01,35,0,0,35,0,0
1299,Zambia,2020-04-01,106,3,55,71,3,55
1300,Zambia,2020-05-01,1057,7,779,951,4,724
1301,Zambia,2020-06-01,1594,24,1329,537,17,550
1302,Zambia,2020-07-01,4552,140,2815,2958,116,1486
1303,Zimbabwe,2020-01-01,0,0,0,0,0,0
1304,Zimbabwe,2020-02-01,0,0,0,0,0,0
1305,Zimbabwe,2020-03-01,8,1,0,8,1,0
1306,Zimbabwe,2020-04-01,40,4,5,32,3,5
1307,Zimbabwe,2020-05-01,178,4,29,144,0,24
1308,Zimbabwe,2020-06-01,591,7,162,413,3,133
1309,Zimbabwe,2020-07-01,2704,36,542,2113,29,380
